map,window,N,k,added,exhausted_n,newly_exhausted_n,C_pct,delta_C_pp,S_pct,top_ids
official26_common_minus71.json,10,2494,1,14,0,0,0.0,0.0,10.139017608897127,14
official26_common_minus71.json,10,2494,2,69,0,0,0.0,0.0,18.60982391102873,"14,69"
official26_common_minus71.json,10,2494,3,27,8,8,0.32076984763432237,0.32076984763432237,26.91380908248378,"14,69,27"
official26_common_minus71.json,10,2494,4,9,26,18,1.0425020048115476,0.7217321571772253,34.43929564411492,"14,69,27,9"
official26_common_minus71.json,10,2494,5,32,129,103,5.172413793103448,4.1299117882919,41.807228915662655,"14,69,27,9,32"
official26_common_minus71.json,10,2494,6,2,140,11,5.613472333600641,0.4410585404971933,48.04448563484708,"14,69,27,9,32,2"
official26_common_minus71.json,10,2494,7,10,474,334,19.0056134723336,13.39214113873296,53.2808155699722,"14,69,27,9,32,2,10"
official26_common_minus71.json,10,2494,8,5,484,10,19.406575781876505,0.40096230954290296,58.34105653382762,"14,69,27,9,32,2,10,5"
official26_common_minus71.json,10,2494,9,11,540,56,21.65196471531676,2.245388933440257,63.29935125115848,"14,69,27,9,32,2,10,5,11"
official26_common_minus71.json,10,2494,10,4,617,77,24.739374498797112,3.0874097834803527,68.03521779425394,"14,69,27,9,32,2,10,5,11,4"
official26_common_minus71.json,10,2494,11,18,810,193,32.47794707297514,7.738572574178028,72.46524559777572,"14,69,27,9,32,2,10,5,11,4,18"
official26_common_minus71.json,10,2494,12,20,1018,208,40.81796311146752,8.340016038492381,76.70064874884152,"14,69,27,9,32,2,10,5,11,4,18,20"
official26_common_minus71.json,10,2494,13,1,1273,255,51.04250200481155,10.224538893344025,80.89898053753475,"14,69,27,9,32,2,10,5,11,4,18,20,1"
official26_common_minus71.json,10,2494,14,19,1392,119,55.81395348837209,4.771451483560545,83.64226135310473,"14,69,27,9,32,2,10,5,11,4,18,20,1,19"
official26_common_minus71.json,10,2494,15,6,1506,114,60.38492381716119,4.570970328789094,86.11677479147359,"14,69,27,9,32,2,10,5,11,4,18,20,1,19,6"
official26_common_minus71.json,10,2494,16,12,1651,145,66.19887730553327,5.813953488372093,88.48007414272475,"14,69,27,9,32,2,10,5,11,4,18,20,1,19,6,12"
official26_common_minus71.json,10,2494,17,7,1755,104,70.36888532477947,4.170008019246191,90.82483781278961,"14,69,27,9,32,2,10,5,11,4,18,20,1,19,6,12,7"
official26_common_minus71.json,10,2494,18,17,1883,128,75.50120288692864,5.132317562149158,92.95644114921224,"14,69,27,9,32,2,10,5,11,4,18,20,1,19,6,12,7,17"
official26_common_minus71.json,10,2494,19,25,2014,131,80.75380914194066,5.2526062550120285,94.68025949953662,"14,69,27,9,32,2,10,5,11,4,18,20,1,19,6,12,7,17,25"
official26_common_minus71.json,10,2494,20,70,2162,148,86.68805132317561,5.934242181234964,96.209453197405,"14,69,27,9,32,2,10,5,11,4,18,20,1,19,6,12,7,17,25,70"
official26_common_minus71.json,10,2494,21,34,2289,127,91.78027265437049,5.092221331194867,97.58109360518999,"14,69,27,9,32,2,10,5,11,4,18,20,1,19,6,12,7,17,25,70,34"
official26_common_minus71.json,10,2494,22,15,2353,64,94.34643143544507,2.566158781074579,98.60055607043559,"14,69,27,9,32,2,10,5,11,4,18,20,1,19,6,12,7,17,25,70,34,15"
official26_common_minus71.json,10,2494,23,23,2407,54,96.51162790697676,2.165196471531676,99.19369786839667,"14,69,27,9,32,2,10,5,11,4,18,20,1,19,6,12,7,17,25,70,34,15,23"
official26_common_minus71.json,10,2494,24,37,2459,52,98.59663191659985,2.0850040096230953,99.67562557924003,"14,69,27,9,32,2,10,5,11,4,18,20,1,19,6,12,7,17,25,70,34,15,23,37"
official26_common_minus71.json,10,2494,25,50,2484,25,99.5990376904571,1.0024057738572574,99.90732159406858,"14,69,27,9,32,2,10,5,11,4,18,20,1,19,6,12,7,17,25,70,34,15,23,37,50"
official26_common_minus71.json,10,2494,26,33,2494,10,100.0,0.40096230954290296,100.0,"14,69,27,9,32,2,10,5,11,4,18,20,1,19,6,12,7,17,25,70,34,15,23,37,50,33"
official26_common_minus71.json,5,2494,1,14,0,0,0.0,0.0,11.169881767268201,14
official26_common_minus71.json,5,2494,2,69,0,0,0.0,0.0,20.28624766645924,"14,69"
official26_common_minus71.json,5,2494,3,9,3,3,0.12028869286287089,0.12028869286287089,28.45882596971583,"14,69,9"
official26_common_minus71.json,5,2494,4,27,26,23,1.0425020048115476,0.9222133119486768,35.79132959966812,"14,69,9,27"
official26_common_minus71.json,5,2494,5,32,129,103,5.172413793103448,4.1299117882919,42.874922215308025,"14,69,9,27,32"
official26_common_minus71.json,5,2494,6,2,140,11,5.613472333600641,0.4410585404971933,49.719975108898566,"14,69,9,27,32,2"
official26_common_minus71.json,5,2494,7,10,474,334,19.0056134723336,13.39214113873296,55.548641360713546,"14,69,9,27,32,2,10"
official26_common_minus71.json,5,2494,8,5,485,11,19.446672012830792,0.4410585404971933,61.08691142916407,"14,69,9,27,32,2,10,5"
official26_common_minus71.json,5,2494,9,11,559,74,22.413793103448278,2.967121090617482,66.23107239161999,"14,69,9,27,32,2,10,5,11"
official26_common_minus71.json,5,2494,10,18,768,209,30.793905372894947,8.380112269446673,70.88778261771417,"14,69,9,27,32,2,10,5,11,18"
official26_common_minus71.json,5,2494,11,20,972,204,38.97353648757017,8.179631114675221,75.05704210744659,"14,69,9,27,32,2,10,5,11,18,20"
official26_common_minus71.json,5,2494,12,1,1224,252,49.077786688051326,10.104250200481154,79.18481642812695,"14,69,9,27,32,2,10,5,11,18,20,1"
official26_common_minus71.json,5,2494,13,4,1371,147,54.971932638332,5.894145950280674,82.5969715826592,"14,69,9,27,32,2,10,5,11,18,20,1,4"
official26_common_minus71.json,5,2494,14,6,1519,148,60.906174819566964,5.934242181234964,85.07571043352002,"14,69,9,27,32,2,10,5,11,18,20,1,4,6"
official26_common_minus71.json,5,2494,15,19,1648,129,66.0785886126704,5.172413793103448,87.49222153080274,"14,69,9,27,32,2,10,5,11,18,20,1,4,6,19"
official26_common_minus71.json,5,2494,16,17,1709,61,68.52445870088212,2.445870088211708,89.7427919518772,"14,69,9,27,32,2,10,5,11,18,20,1,4,6,19,17"
official26_common_minus71.json,5,2494,17,12,1867,158,74.85966319165999,6.335204490777866,91.86890686579548,"14,69,9,27,32,2,10,5,11,18,20,1,4,6,19,17,12"
official26_common_minus71.json,5,2494,18,7,2007,140,80.47313552526063,5.613472333600641,93.9639079029247,"14,69,9,27,32,2,10,5,11,18,20,1,4,6,19,17,12,7"
official26_common_minus71.json,5,2494,19,25,2121,114,85.04410585404972,4.570970328789094,95.44700269653599,"14,69,9,27,32,2,10,5,11,18,20,1,4,6,19,17,12,7,25"
official26_common_minus71.json,5,2494,20,70,2244,123,89.97594226142742,4.931836407377706,96.76415681393902,"14,69,9,27,32,2,10,5,11,18,20,1,4,6,19,17,12,7,25,70"
official26_common_minus71.json,5,2494,21,15,2297,53,92.10104250200482,2.125100240577386,97.7909147479776,"14,69,9,27,32,2,10,5,11,18,20,1,4,6,19,17,12,7,25,70,15"
official26_common_minus71.json,5,2494,22,34,2368,71,94.94787489975943,2.846832397754611,98.61024683675585,"14,69,9,27,32,2,10,5,11,18,20,1,4,6,19,17,12,7,25,70,15,34"
official26_common_minus71.json,5,2494,23,23,2421,53,97.07297514033681,2.125100240577386,99.24289566479983,"14,69,9,27,32,2,10,5,11,18,20,1,4,6,19,17,12,7,25,70,15,34,23"
official26_common_minus71.json,5,2494,24,37,2465,44,98.83720930232558,1.7642341619887731,99.69923252437253,"14,69,9,27,32,2,10,5,11,18,20,1,4,6,19,17,12,7,25,70,15,34,23,37"
official26_common_minus71.json,5,2494,25,50,2488,23,99.75942261427426,0.9222133119486768,99.9377722464219,"14,69,9,27,32,2,10,5,11,18,20,1,4,6,19,17,12,7,25,70,15,34,23,37,50"
official26_common_minus71.json,5,2494,26,33,2494,6,100.0,0.24057738572574178,100.0,"14,69,9,27,32,2,10,5,11,18,20,1,4,6,19,17,12,7,25,70,15,34,23,37,50,33"
official27_common.json,10,2498,1,14,0,0,0.0,0.0,9.763779527559056,14
official27_common.json,10,2498,2,69,0,0,0.0,0.0,18.71236683649838,"14,69"
official27_common.json,10,2498,3,27,12,12,0.4803843074459567,0.4803843074459567,27.12366836498379,"14,69,27"
official27_common.json,10,2498,4,32,98,86,3.923138510808647,3.4427542033626897,34.59008800370542,"14,69,27,32"
official27_common.json,10,2498,5,9,135,37,5.4043234587670135,1.4811849479583667,41.574803149606296,"14,69,27,32,9"
official27_common.json,10,2498,6,2,145,10,5.804643714971978,0.4003202562049639,48.263084761463645,"14,69,27,32,9,2"
official27_common.json,10,2498,7,10,511,366,20.456365092073657,14.651721377101682,54.04353867531264,"14,69,27,32,9,2,10"
official27_common.json,10,2498,8,5,523,12,20.936749399519616,0.4803843074459567,59.0365910143585,"14,69,27,32,9,2,10,5"
official27_common.json,10,2498,9,11,578,55,23.138510808646917,2.2017614091273017,63.90921723019917,"14,69,27,32,9,2,10,5,11"
official27_common.json,10,2498,10,18,775,197,31.024819855884704,7.8863090472377895,68.39277443260768,"14,69,27,32,9,2,10,5,11,18"
official27_common.json,10,2498,11,1,1019,244,40.79263410728583,9.76781425140112,72.69106067623899,"14,69,27,32,9,2,10,5,11,18,1"
official27_common.json,10,2498,12,4,1087,68,43.514811849479585,2.722177742193755,76.95229272811487,"14,69,27,32,9,2,10,5,11,18,1,4"
official27_common.json,10,2498,13,20,1297,210,51.92153722978383,8.406725380304243,81.18573413617416,"14,69,27,32,9,2,10,5,11,18,1,4,20"
official27_common.json,10,2498,14,19,1421,124,56.885508406725386,4.963971176941554,83.91848077813803,"14,69,27,32,9,2,10,5,11,18,1,4,20,19"
official27_common.json,10,2498,15,6,1537,116,61.52922337870296,4.643714971977582,86.54006484483557,"14,69,27,32,9,2,10,5,11,18,1,4,20,19,6"
official27_common.json,10,2498,16,12,1703,166,68.17453963170537,6.645316253002402,89.0690134321445,"14,69,27,32,9,2,10,5,11,18,1,4,20,19,6,12"
official27_common.json,10,2498,17,17,1767,64,70.73658927141715,2.5620496397117694,91.22742010189903,"14,69,27,32,9,2,10,5,11,18,1,4,20,19,6,12,17"
official27_common.json,10,2498,18,7,1909,142,76.42113690952762,5.684547638110488,93.33950903195924,"14,69,27,32,9,2,10,5,11,18,1,4,20,19,6,12,17,7"
official27_common.json,10,2498,19,25,2033,124,81.38510808646917,4.963971176941554,95.07179249652616,"14,69,27,32,9,2,10,5,11,18,1,4,20,19,6,12,17,7,25"
official27_common.json,10,2498,20,70,2159,126,86.42914331465172,5.044035228182546,96.42427049559981,"14,69,27,32,9,2,10,5,11,18,1,4,20,19,6,12,17,7,25,70"
official27_common.json,10,2498,21,34,2285,126,91.47317854283426,5.044035228182546,97.75822139879574,"14,69,27,32,9,2,10,5,11,18,1,4,20,19,6,12,17,7,25,70,34"
official27_common.json,10,2498,22,15,2359,74,94.435548438751,2.9623698959167335,98.68457619268179,"14,69,27,32,9,2,10,5,11,18,1,4,20,19,6,12,17,7,25,70,34,15"
official27_common.json,10,2498,23,37,2419,60,96.83746997598078,2.401921537229784,99.24038906901343,"14,69,27,32,9,2,10,5,11,18,1,4,20,19,6,12,17,7,25,70,34,15,37"
official27_common.json,10,2498,24,23,2470,51,98.8791032826261,2.0416333066453163,99.7406206577119,"14,69,27,32,9,2,10,5,11,18,1,4,20,19,6,12,17,7,25,70,34,15,37,23"
official27_common.json,10,2498,25,50,2482,12,99.35948759007206,0.4803843074459567,99.85178323297824,"14,69,27,32,9,2,10,5,11,18,1,4,20,19,6,12,17,7,25,70,34,15,37,23,50"
official27_common.json,10,2498,26,71,2493,11,99.79983987189752,0.4403522818254604,99.9536822603057,"14,69,27,32,9,2,10,5,11,18,1,4,20,19,6,12,17,7,25,70,34,15,37,23,50,71"
official27_common.json,10,2498,27,33,2498,5,100.0,0.20016012810248196,100.0,"14,69,27,32,9,2,10,5,11,18,1,4,20,19,6,12,17,7,25,70,34,15,37,23,50,71,33"
official27_common.json,5,2498,1,14,0,0,0.0,0.0,10.77782374844849,14
official27_common.json,5,2498,2,69,0,0,0.0,0.0,20.448903599503517,"14,69"
official27_common.json,5,2498,3,9,3,3,0.12009607686148918,0.12009607686148918,27.978899462143154,"14,69,9"
official27_common.json,5,2498,4,27,27,24,1.0808646917534028,0.9607686148919135,35.47786512205213,"14,69,9,27"
official27_common.json,5,2498,5,32,135,108,5.4043234587670135,4.323458767013611,42.8113363673976,"14,69,9,27,32"
official27_common.json,5,2498,6,2,146,11,5.844675740592474,0.4403522818254604,50.09309060819197,"14,69,9,27,32,2"
official27_common.json,5,2498,7,10,512,366,20.496397117694155,14.651721377101682,56.48531237070748,"14,69,9,27,32,2,10"
official27_common.json,5,2498,8,5,528,16,21.136909527622098,0.6405124099279423,61.93628465039305,"14,69,9,27,32,2,10,5"
official27_common.json,5,2498,9,11,602,74,24.09927942353883,2.9623698959167335,66.85974348365743,"14,69,9,27,32,2,10,5,11"
official27_common.json,5,2498,10,18,810,208,32.42594075260208,8.326661329063251,71.50393049234587,"14,69,9,27,32,2,10,5,11,18"
official27_common.json,5,2498,11,1,1058,248,42.35388310648519,9.927942353883108,75.65163425734382,"14,69,9,27,32,2,10,5,11,18,1"
official27_common.json,5,2498,12,20,1246,188,49.879903923138514,7.526020816653323,79.77865122052131,"14,69,9,27,32,2,10,5,11,18,1,20"
official27_common.json,5,2498,13,4,1380,134,55.24419535628503,5.3642914331465175,82.6748034753827,"14,69,9,27,32,2,10,5,11,18,1,20,4"
official27_common.json,5,2498,14,6,1539,159,61.60928742994396,6.365092073658928,85.37443111294994,"14,69,9,27,32,2,10,5,11,18,1,20,4,6"
official27_common.json,5,2498,15,19,1675,136,67.05364291433146,5.44435548438751,87.877534133223,"14,69,9,27,32,2,10,5,11,18,1,20,4,6,19"
official27_common.json,5,2498,16,12,1832,157,73.3386709367494,6.285028022417935,90.19445593711212,"14,69,9,27,32,2,10,5,11,18,1,20,4,6,19,12"
official27_common.json,5,2498,17,17,1912,80,76.5412329863891,3.2025620496397114,92.45966073645015,"14,69,9,27,32,2,10,5,11,18,1,20,4,6,19,12,17"
official27_common.json,5,2498,18,7,2041,129,81.70536429143314,5.164131305044036,94.37318990484071,"14,69,9,27,32,2,10,5,11,18,1,20,4,6,19,12,17,7"
official27_common.json,5,2498,19,25,2134,93,85.42834267413932,3.722978382706165,95.77989242863053,"14,69,9,27,32,2,10,5,11,18,1,20,4,6,19,12,17,7,25"
official27_common.json,5,2498,20,70,2239,105,89.63170536429143,4.2033626901521215,96.93835333057508,"14,69,9,27,32,2,10,5,11,18,1,20,4,6,19,12,17,7,25,70"
official27_common.json,5,2498,21,15,2307,68,92.35388310648518,2.722177742193755,97.92097641704592,"14,69,9,27,32,2,10,5,11,18,1,20,4,6,19,12,17,7,25,70,15"
official27_common.json,5,2498,22,34,2376,69,95.11609287429944,2.762209767814251,98.70707488622259,"14,69,9,27,32,2,10,5,11,18,1,20,4,6,19,12,17,7,25,70,15,34"
official27_common.json,5,2498,23,23,2425,49,97.07766212970377,1.9615692554043236,99.24493173355398,"14,69,9,27,32,2,10,5,11,18,1,20,4,6,19,12,17,7,25,70,15,34,23"
official27_common.json,5,2498,24,37,2473,48,98.99919935948759,1.921537229783827,99.74141497724452,"14,69,9,27,32,2,10,5,11,18,1,20,4,6,19,12,17,7,25,70,15,34,23,37"
official27_common.json,5,2498,25,50,2484,11,99.43955164131305,0.4403522818254604,99.85519238725693,"14,69,9,27,32,2,10,5,11,18,1,20,4,6,19,12,17,7,25,70,15,34,23,37,50"
official27_common.json,5,2498,26,71,2495,11,99.87990392313851,0.4403522818254604,99.96896979726935,"14,69,9,27,32,2,10,5,11,18,1,20,4,6,19,12,17,7,25,70,15,34,23,37,50,71"
official27_common.json,5,2498,27,33,2498,3,100.0,0.12009607686148918,100.0,"14,69,9,27,32,2,10,5,11,18,1,20,4,6,19,12,17,7,25,70,15,34,23,37,50,71,33"
official32_minus71.json,10,2498,1,14,0,0,0.0,0.0,9.432617796383717,14
official32_minus71.json,10,2498,2,69,0,0,0.0,0.0,17.70731272824441,"14,69"
official32_minus71.json,10,2498,3,27,7,7,0.28022417934347477,0.28022417934347477,25.32288233722277,"14,69,27"
official32_minus71.json,10,2498,4,9,21,14,0.8406725380304243,0.5604483586869495,32.16353433686648,"14,69,27,9"
official32_minus71.json,10,2498,5,32,124,103,4.963971176941554,4.1232986389111295,38.90620824797363,"14,69,27,9,32"
official32_minus71.json,10,2498,6,2,127,3,5.084067253803042,0.12009607686148918,44.72254386746236,"14,69,27,9,32,2"
official32_minus71.json,10,2498,7,10,454,327,18.174539631705365,13.090472377902321,49.7817760755322,"14,69,27,9,32,2,10"
official32_minus71.json,10,2498,8,11,497,43,19.89591673338671,1.7213771016813448,54.7608443929812,"14,69,27,9,32,2,10,11"
official32_minus71.json,10,2498,9,5,513,16,20.536429143314653,0.6405124099279423,59.50832813752561,"14,69,27,9,32,2,10,11,5"
official32_minus71.json,10,2498,10,18,706,193,28.262610088070456,7.7261809447558045,63.828271132092276,"14,69,27,9,32,2,10,11,5,18"
official32_minus71.json,10,2498,11,4,764,58,30.58446757405925,2.321857485988791,68.02351474124877,"14,69,27,9,32,2,10,11,5,18,4"
official32_minus71.json,10,2498,12,20,923,159,36.949559647718175,6.365092073658928,72.03170927229002,"14,69,27,9,32,2,10,11,5,18,4,20"
official32_minus71.json,10,2498,13,1,1095,172,43.83506805444355,6.885508406725379,75.80831923042665,"14,69,27,9,32,2,10,11,5,18,4,20,1"
official32_minus71.json,10,2498,14,19,1197,102,47.918334667734186,4.083266613290633,78.30230693863008,"14,69,27,9,32,2,10,11,5,18,4,20,1,19"
official32_minus71.json,10,2498,15,7,1238,41,49.55964771817454,1.6413130504403524,80.74285205308631,"14,69,27,9,32,2,10,11,5,18,4,20,1,19,7"
official32_minus71.json,10,2498,16,22,1301,63,52.081665332265814,2.522017614091273,83.15667587066893,"14,69,27,9,32,2,10,11,5,18,4,20,1,19,7,22"
official32_minus71.json,10,2498,17,6,1409,108,56.405124099279426,4.323458767013611,85.56159258929367,"14,69,27,9,32,2,10,11,5,18,4,20,1,19,7,22,6"
official32_minus71.json,10,2498,18,12,1547,138,61.92954363490792,5.524419535628502,87.69929633918233,"14,69,27,9,32,2,10,11,5,18,4,20,1,19,7,22,6,12"
official32_minus71.json,10,2498,19,17,1633,86,65.37229783827063,3.4427542033626897,89.73902200053443,"14,69,27,9,32,2,10,11,5,18,4,20,1,19,7,22,6,12,17"
official32_minus71.json,10,2498,20,31,1776,143,71.0968775020016,5.724579663730984,91.76093346397079,"14,69,27,9,32,2,10,11,5,18,4,20,1,19,7,22,6,12,17,31"
official32_minus71.json,10,2498,21,25,1891,115,75.70056044835869,4.603682946357086,93.43546806805023,"14,69,27,9,32,2,10,11,5,18,4,20,1,19,7,22,6,12,17,31,25"
official32_minus71.json,10,2498,22,70,1998,107,79.9839871897518,4.283426741393114,94.7002761200677,"14,69,27,9,32,2,10,11,5,18,4,20,1,19,7,22,6,12,17,31,25,70"
official32_minus71.json,10,2498,23,3,2123,125,84.98799039231385,5.00400320256205,95.92945577625368,"14,69,27,9,32,2,10,11,5,18,4,20,1,19,7,22,6,12,17,31,25,70,3"
official32_minus71.json,10,2498,24,34,2226,103,89.11128903122498,4.1232986389111295,97.15863543243965,"14,69,27,9,32,2,10,11,5,18,4,20,1,19,7,22,6,12,17,31,25,70,3,34"
official32_minus71.json,10,2498,25,15,2289,63,91.63330664531625,2.522017614091273,98.03153113031085,"14,69,27,9,32,2,10,11,5,18,4,20,1,19,7,22,6,12,17,31,25,70,3,34,15"
official32_minus71.json,10,2498,26,16,2349,60,94.03522818254604,2.401921537229784,98.61049256257238,"14,69,27,9,32,2,10,11,5,18,4,20,1,19,7,22,6,12,17,31,25,70,3,34,15,16"
official32_minus71.json,10,2498,27,37,2406,57,96.31705364291433,2.2818254603682946,99.11819720317094,"14,69,27,9,32,2,10,11,5,18,4,20,1,19,7,22,6,12,17,31,25,70,3,34,15,16,37"
official32_minus71.json,10,2498,28,23,2451,45,98.11849479583668,1.8014411529223378,99.58136634898014,"14,69,27,9,32,2,10,11,5,18,4,20,1,19,7,22,6,12,17,31,25,70,3,34,15,16,37,23"
official32_minus71.json,10,2498,29,48,2466,15,98.71897518014411,0.600480384307446,99.71497283334818,"14,69,27,9,32,2,10,11,5,18,4,20,1,19,7,22,6,12,17,31,25,70,3,34,15,16,37,23,48"
official32_minus71.json,10,2498,30,50,2481,15,99.31945556445156,0.600480384307446,99.84857931771623,"14,69,27,9,32,2,10,11,5,18,4,20,1,19,7,22,6,12,17,31,25,70,3,34,15,16,37,23,48,50"
official32_minus71.json,10,2498,31,44,2490,9,99.67974379503602,0.3602882305844676,99.92874320833704,"14,69,27,9,32,2,10,11,5,18,4,20,1,19,7,22,6,12,17,31,25,70,3,34,15,16,37,23,48,50,44"
official32_minus71.json,10,2498,32,33,2498,8,100.0,0.32025620496397117,100.0,"14,69,27,9,32,2,10,11,5,18,4,20,1,19,7,22,6,12,17,31,25,70,3,34,15,16,37,23,48,50,44,33"
official32_minus71.json,5,2498,1,14,0,0,0.0,0.0,10.786724031960663,14
official32_minus71.json,5,2498,2,69,0,0,0.0,0.0,19.954927269002255,"14,69"
official32_minus71.json,5,2498,3,9,1,1,0.040032025620496396,0.040032025620496396,27.484122106125792,"14,69,9"
official32_minus71.json,5,2498,4,27,21,20,0.8406725380304243,0.8006405124099278,34.265519360786726,"14,69,9,27"
official32_minus71.json,5,2498,5,2,24,3,0.9607686148919135,0.12009607686148918,40.71911493546405,"14,69,9,27,2"
official32_minus71.json,5,2498,6,32,129,105,5.164131305044036,4.2033626901521215,47.13173530014341,"14,69,9,27,2,32"
official32_minus71.json,5,2498,7,10,456,327,18.254603682946357,13.090472377902321,52.91948371235402,"14,69,9,27,2,32,10"
official32_minus71.json,5,2498,8,5,461,5,18.45476381104884,0.20016012810248196,58.18479819709076,"14,69,9,27,2,32,10,5"
official32_minus71.json,5,2498,9,11,527,66,21.0968775020016,2.6421136909527623,63.419381274329034,"14,69,9,27,2,32,10,5,11"
official32_minus71.json,5,2498,10,18,734,207,29.383506805444355,8.286629303442753,68.10079901659496,"14,69,9,27,2,32,10,5,11,18"
official32_minus71.json,5,2498,11,20,891,157,35.66853482786229,6.285028022417935,71.91149354640443,"14,69,9,27,2,32,10,5,11,18,20"
official32_minus71.json,5,2498,12,1,1069,178,42.794235388310646,7.125700560448359,75.60950624871953,"14,69,9,27,2,32,10,5,11,18,20,1"
official32_minus71.json,5,2498,13,4,1164,95,46.5972778222578,3.803042433947158,78.33435771358327,"14,69,9,27,2,32,10,5,11,18,20,1,4"
official32_minus71.json,5,2498,14,6,1263,99,50.56044835868695,3.963170536429143,80.77238270846138,"14,69,9,27,2,32,10,5,11,18,20,1,4,6"
official32_minus71.json,5,2498,15,19,1378,115,55.16413130504404,4.603682946357086,83.17967629584102,"14,69,9,27,2,32,10,5,11,18,20,1,4,6,19"
official32_minus71.json,5,2498,16,7,1432,54,57.32586068855085,2.1617293835068057,85.42306904322885,"14,69,9,27,2,32,10,5,11,18,20,1,4,6,19,7"
official32_minus71.json,5,2498,17,17,1502,70,60.12810248198559,2.8022417934347477,87.6459741856177,"14,69,9,27,2,32,10,5,11,18,20,1,4,6,19,7,17"
official32_minus71.json,5,2498,18,12,1648,146,65.97277822257807,5.844675740592474,89.51034624052448,"14,69,9,27,2,32,10,5,11,18,20,1,4,6,19,7,17,12"
official32_minus71.json,5,2498,19,22,1785,137,71.45716573258608,5.484387510008006,91.33374308543331,"14,69,9,27,2,32,10,5,11,18,20,1,4,6,19,7,17,12,22"
official32_minus71.json,5,2498,20,31,1919,134,76.82145716573258,5.3642914331465175,93.02397049784881,"14,69,9,27,2,32,10,5,11,18,20,1,4,6,19,7,17,12,22,31"
official32_minus71.json,5,2498,21,25,2020,101,80.86469175340272,4.043234587670136,94.43761524277812,"14,69,9,27,2,32,10,5,11,18,20,1,4,6,19,7,17,12,22,31,25"
official32_minus71.json,5,2498,22,3,2130,110,85.26821457165732,4.403522818254603,95.73857816021307,"14,69,9,27,2,32,10,5,11,18,20,1,4,6,19,7,17,12,22,31,25,3"
official32_minus71.json,5,2498,23,70,2232,102,89.35148118494796,4.083266613290633,96.87564023765621,"14,69,9,27,2,32,10,5,11,18,20,1,4,6,19,7,17,12,22,31,25,3,70"
official32_minus71.json,5,2498,24,15,2294,62,91.83346677341873,2.481985588470777,97.8180700676091,"14,69,9,27,2,32,10,5,11,18,20,1,4,6,19,7,17,12,22,31,25,3,70,15"
official32_minus71.json,5,2498,25,23,2339,45,93.63490792634107,1.8014411529223378,98.34050399508297,"14,69,9,27,2,32,10,5,11,18,20,1,4,6,19,7,17,12,22,31,25,3,70,15,23"
official32_minus71.json,5,2498,26,37,2388,49,95.5964771817454,1.9615692554043236,98.84245031755788,"14,69,9,27,2,32,10,5,11,18,20,1,4,6,19,7,17,12,22,31,25,3,70,15,23,37"
official32_minus71.json,5,2498,27,34,2430,42,97.27782225780625,1.6813450760608486,99.30342143003483,"14,69,9,27,2,32,10,5,11,18,20,1,4,6,19,7,17,12,22,31,25,3,70,15,23,37,34"
official32_minus71.json,5,2498,28,16,2471,41,98.9191353082466,1.6413130504403524,99.72341733251383,"14,69,9,27,2,32,10,5,11,18,20,1,4,6,19,7,17,12,22,31,25,3,70,15,23,37,34,16"
official32_minus71.json,5,2498,29,50,2483,12,99.39951961569255,0.4803843074459567,99.84634296250768,"14,69,9,27,2,32,10,5,11,18,20,1,4,6,19,7,17,12,22,31,25,3,70,15,23,37,34,16,50"
official32_minus71.json,5,2498,30,44,2489,6,99.63971176941553,0.24019215372297836,99.9078057775046,"14,69,9,27,2,32,10,5,11,18,20,1,4,6,19,7,17,12,22,31,25,3,70,15,23,37,34,16,50,44"
official32_minus71.json,5,2498,31,48,2495,6,99.87990392313851,0.24019215372297836,99.96926859250154,"14,69,9,27,2,32,10,5,11,18,20,1,4,6,19,7,17,12,22,31,25,3,70,15,23,37,34,16,50,44,48"
official32_minus71.json,5,2498,32,33,2498,3,100.0,0.12009607686148918,100.0,"14,69,9,27,2,32,10,5,11,18,20,1,4,6,19,7,17,12,22,31,25,3,70,15,23,37,34,16,50,44,48,33"
official33_published.json,10,2495,1,14,0,0,0.0,0.0,9.082022571758642,14
official33_published.json,10,2495,2,69,0,0,0.0,0.0,17.559761841286768,"14,69"
official33_published.json,10,2495,3,27,4,4,0.16032064128256512,0.16032064128256512,25.32657957877899,"14,69,27"
official33_published.json,10,2495,4,2,13,9,0.5210420841683366,0.36072144288577157,31.911490269261527,"14,69,27,2"
official33_published.json,10,2495,5,32,97,84,3.8877755511022043,3.3667334669338675,38.40753576823958,"14,69,27,2,32"
official33_published.json,10,2495,6,9,134,37,5.370741482965932,1.4829659318637274,44.7880565182618,"14,69,27,2,32,9"
official33_published.json,10,2495,7,10,469,335,18.79759519038076,13.426853707414828,50.306584910690475,"14,69,27,2,32,9,10"
official33_published.json,10,2495,8,5,483,14,19.35871743486974,0.561122244488978,55.265262596640895,"14,69,27,2,32,9,10,5"
official33_published.json,10,2495,9,11,525,42,21.04208416833667,1.6833667334669338,59.98400426552919,"14,69,27,2,32,9,10,5,11"
official33_published.json,10,2495,10,4,556,31,22.284569138276552,1.2424849699398797,64.21398738114281,"14,69,27,2,32,9,10,5,11,4"
official33_published.json,10,2495,11,18,745,189,29.859719438877757,7.575150300601202,68.30178619034925,"14,69,27,2,32,9,10,5,11,4,18"
official33_published.json,10,2495,12,1,954,209,38.236472945891784,8.376753507014028,72.29183328890075,"14,69,27,2,32,9,10,5,11,4,18,1"
official33_published.json,10,2495,13,20,1134,180,45.450901803607216,7.214428857715431,76.2552208300009,"14,69,27,2,32,9,10,5,11,4,18,1,20"
official33_published.json,10,2495,14,22,1188,54,47.61523046092184,2.164328657314629,78.7701057495779,"14,69,27,2,32,9,10,5,11,4,18,1,20,22"
official33_published.json,10,2495,15,6,1281,93,51.34268537074148,3.7274549098196395,81.26721763085399,"14,69,27,2,32,9,10,5,11,4,18,1,20,22,6"
official33_published.json,10,2495,16,19,1380,99,55.31062124248497,3.9679358717434865,83.59548564827158,"14,69,27,2,32,9,10,5,11,4,18,1,20,22,6,19"
official33_published.json,10,2495,17,12,1509,129,60.4809619238477,5.170340681362726,85.82600195503422,"14,69,27,2,32,9,10,5,11,4,18,1,20,22,6,19,12"
official33_published.json,10,2495,18,7,1554,45,62.28456913827656,1.8036072144288577,87.83435528303563,"14,69,27,2,32,9,10,5,11,4,18,1,20,22,6,19,12,7"
official33_published.json,10,2495,19,17,1637,83,65.61122244488978,3.3266533066132267,89.74495690038212,"14,69,27,2,32,9,10,5,11,4,18,1,20,22,6,19,12,7,17"
official33_published.json,10,2495,20,31,1758,121,70.46092184368737,4.849699398797595,91.65555851772861,"14,69,27,2,32,9,10,5,11,4,18,1,20,22,6,19,12,7,17,31"
official33_published.json,10,2495,21,25,1859,101,74.50901803607213,4.04809619238477,93.1662667733049,"14,69,27,2,32,9,10,5,11,4,18,1,20,22,6,19,12,7,17,31,25"
official33_published.json,10,2495,22,3,1984,125,79.5190380761523,5.01002004008016,94.46369856927042,"14,69,27,2,32,9,10,5,11,4,18,1,20,22,6,19,12,7,17,31,25,3"
official33_published.json,10,2495,23,70,2110,126,84.5691382765531,5.050100200400802,95.76113036523594,"14,69,27,2,32,9,10,5,11,4,18,1,20,22,6,19,12,7,17,31,25,3,70"
official33_published.json,10,2495,24,34,2215,105,88.77755511022045,4.208416833667335,96.98747000799787,"14,69,27,2,32,9,10,5,11,4,18,1,20,22,6,19,12,7,17,31,25,3,70,34"
official33_published.json,10,2495,25,15,2286,71,91.62324649298597,2.845691382765531,97.96498711454723,"14,69,27,2,32,9,10,5,11,4,18,1,20,22,6,19,12,7,17,31,25,3,70,34,15"
official33_published.json,10,2495,26,37,2340,54,93.78757515030061,2.164328657314629,98.48929174442371,"14,69,27,2,32,9,10,5,11,4,18,1,20,22,6,19,12,7,17,31,25,3,70,34,15,37"
official33_published.json,10,2495,27,16,2393,53,95.9118236472946,2.124248496993988,99.00470985514974,"14,69,27,2,32,9,10,5,11,4,18,1,20,22,6,19,12,7,17,31,25,3,70,34,15,37,16"
official33_published.json,10,2495,28,23,2440,47,97.79559118236473,1.8837675350701404,99.51124144672532,"14,69,27,2,32,9,10,5,11,4,18,1,20,22,6,19,12,7,17,31,25,3,70,34,15,37,16,23"
official33_published.json,10,2495,29,50,2458,18,98.51703406813628,0.7214428857715431,99.6711987914334,"14,69,27,2,32,9,10,5,11,4,18,1,20,22,6,19,12,7,17,31,25,3,70,34,15,37,16,23,50"
official33_published.json,10,2495,30,48,2470,12,98.99799599198397,0.48096192384769537,99.77783702123878,"14,69,27,2,32,9,10,5,11,4,18,1,20,22,6,19,12,7,17,31,25,3,70,34,15,37,16,23,50,48"
official33_published.json,10,2495,31,33,2479,9,99.35871743486973,0.36072144288577157,99.85781569359283,"14,69,27,2,32,9,10,5,11,4,18,1,20,22,6,19,12,7,17,31,25,3,70,34,15,37,16,23,50,48,33"
official33_published.json,10,2495,32,44,2487,8,99.67935871743488,0.32064128256513025,99.9289078467964,"14,69,27,2,32,9,10,5,11,4,18,1,20,22,6,19,12,7,17,31,25,3,70,34,15,37,16,23,50,48,33,44"
official33_published.json,10,2495,33,71,2495,8,100.0,0.32064128256513025,100.0,"14,69,27,2,32,9,10,5,11,4,18,1,20,22,6,19,12,7,17,31,25,3,70,34,15,37,16,23,50,48,33,44,71"
official33_published.json,5,2495,1,14,0,0,0.0,0.0,10.25403681991155,14
official33_published.json,5,2495,2,69,0,0,0.0,0.0,19.60300318831636,"14,69"
official33_published.json,5,2495,3,2,0,0,0.0,0.0,26.925845932325416,"14,69,2"
official33_published.json,5,2495,4,9,4,4,0.16032064128256512,0.16032064128256512,33.94014193150262,"14,69,2,9"
official33_published.json,5,2495,5,27,28,24,1.122244488977956,0.9619238476953907,40.831019232747096,"14,69,2,9,27"
official33_published.json,5,2495,6,10,363,335,14.549098196392784,13.426853707414828,47.17679728478865,"14,69,2,9,27,10"
official33_published.json,5,2495,7,32,470,107,18.837675350701403,4.288577154308617,53.265453049470324,"14,69,2,9,27,10,32"
official33_published.json,5,2495,8,5,486,16,19.478957915831664,0.6412825651302605,58.870718913915454,"14,69,2,9,27,10,32,5"
official33_published.json,5,2495,9,11,537,51,21.52304609218437,2.0440881763527057,63.66347835030341,"14,69,2,9,27,10,32,5,11"
official33_published.json,5,2495,10,18,734,197,29.4188376753507,7.895791583166332,67.96256299496041,"14,69,2,9,27,10,32,5,11,18"
official33_published.json,5,2495,11,1,950,216,38.07615230460922,8.657314629258517,71.94281600329117,"14,69,2,9,27,10,32,5,11,18,1"
official33_published.json,5,2495,12,20,1105,155,44.28857715430862,6.212424849699398,75.7996503136892,"14,69,2,9,27,10,32,5,11,18,1,20"
official33_published.json,5,2495,13,4,1193,88,47.81563126252505,3.527054108216433,78.57657101717577,"14,69,2,9,27,10,32,5,11,18,1,20,4"
official33_published.json,5,2495,14,6,1292,99,51.78356713426854,3.9679358717434865,81.21978813123522,"14,69,2,9,27,10,32,5,11,18,1,20,4,6"
official33_published.json,5,2495,15,19,1387,95,55.59118236472946,3.807615230460922,83.3899002365525,"14,69,2,9,27,10,32,5,11,18,1,20,4,6,19"
official33_published.json,5,2495,16,17,1430,43,57.31462925851704,1.723446893787575,85.49830299290343,"14,69,2,9,27,10,32,5,11,18,1,20,4,6,19,17"
official33_published.json,5,2495,17,12,1575,145,63.126252505010015,5.811623246492986,87.5038568343104,"14,69,2,9,27,10,32,5,11,18,1,20,4,6,19,17,12"
official33_published.json,5,2495,18,22,1712,137,68.61723446893787,5.490981963927856,89.447701326751,"14,69,2,9,27,10,32,5,11,18,1,20,4,6,19,17,12,22"
official33_published.json,5,2495,19,7,1790,78,71.7434869739479,3.12625250501002,91.31955157873084,"14,69,2,9,27,10,32,5,11,18,1,20,4,6,19,17,12,22,7"
official33_published.json,5,2495,20,31,1907,117,76.43286573146293,4.68937875751503,92.81086084541809,"14,69,2,9,27,10,32,5,11,18,1,20,4,6,19,17,12,22,7,31"
official33_published.json,5,2495,21,3,2032,125,81.44288577154309,5.01002004008016,94.21989098015015,"14,69,2,9,27,10,32,5,11,18,1,20,4,6,19,17,12,22,7,31,3"
official33_published.json,5,2495,22,25,2114,82,84.72945891783567,3.2865731462925853,95.48493263396071,"14,69,2,9,27,10,32,5,11,18,1,20,4,6,19,17,12,22,7,31,3,25"
official33_published.json,5,2495,23,70,2211,97,88.61723446893788,3.8877755511022043,96.54427645788337,"14,69,2,9,27,10,32,5,11,18,1,20,4,6,19,17,12,22,7,31,3,25,70"
official33_published.json,5,2495,24,15,2274,63,91.14228456913828,2.525050100200401,97.57276560732284,"14,69,2,9,27,10,32,5,11,18,1,20,4,6,19,17,12,22,7,31,3,25,70,15"
official33_published.json,5,2495,25,23,2318,44,92.90581162324649,1.7635270541082164,98.12814974802015,"14,69,2,9,27,10,32,5,11,18,1,20,4,6,19,17,12,22,7,31,3,25,70,15,23"
official33_published.json,5,2495,26,34,2367,49,94.86973947895791,1.963927855711423,98.68353388871748,"14,69,2,9,27,10,32,5,11,18,1,20,4,6,19,17,12,22,7,31,3,25,70,15,23,34"
official33_published.json,5,2495,27,37,2418,51,96.91382765531063,2.0440881763527057,99.20806335493161,"14,69,2,9,27,10,32,5,11,18,1,20,4,6,19,17,12,22,7,31,3,25,70,15,23,34,37"
official33_published.json,5,2495,28,16,2455,37,98.39679358717434,1.4829659318637274,99.58860434022421,"14,69,2,9,27,10,32,5,11,18,1,20,4,6,19,17,12,22,7,31,3,25,70,15,23,34,37,16"
official33_published.json,5,2495,29,50,2472,17,99.07815631262525,0.6813627254509018,99.76344749562892,"14,69,2,9,27,10,32,5,11,18,1,20,4,6,19,17,12,22,7,31,3,25,70,15,23,34,37,16,50"
official33_published.json,5,2495,30,71,2480,8,99.39879759519037,0.32064128256513025,99.84572662758407,"14,69,2,9,27,10,32,5,11,18,1,20,4,6,19,17,12,22,7,31,3,25,70,15,23,34,37,16,50,71"
official33_published.json,5,2495,31,44,2487,7,99.67935871743488,0.280561122244489,99.91772086804485,"14,69,2,9,27,10,32,5,11,18,1,20,4,6,19,17,12,22,7,31,3,25,70,15,23,34,37,16,50,71,44"
official33_published.json,5,2495,32,33,2492,5,99.87975951903807,0.2004008016032064,99.96914532551682,"14,69,2,9,27,10,32,5,11,18,1,20,4,6,19,17,12,22,7,31,3,25,70,15,23,34,37,16,50,71,44,33"
official33_published.json,5,2495,33,48,2495,3,100.0,0.12024048096192384,100.0,"14,69,2,9,27,10,32,5,11,18,1,20,4,6,19,17,12,22,7,31,3,25,70,15,23,34,37,16,50,71,44,33,48"
official33_repaired71.json,10,2495,1,14,0,0,0.0,0.0,9.082022571758642,14
official33_repaired71.json,10,2495,2,69,0,0,0.0,0.0,17.559761841286768,"14,69"
official33_repaired71.json,10,2495,3,27,4,4,0.16032064128256512,0.16032064128256512,25.32657957877899,"14,69,27"
official33_repaired71.json,10,2495,4,2,13,9,0.5210420841683366,0.36072144288577157,31.911490269261527,"14,69,27,2"
official33_repaired71.json,10,2495,5,32,97,84,3.8877755511022043,3.3667334669338675,38.40753576823958,"14,69,27,2,32"
official33_repaired71.json,10,2495,6,9,134,37,5.370741482965932,1.4829659318637274,44.7880565182618,"14,69,27,2,32,9"
official33_repaired71.json,10,2495,7,10,469,335,18.79759519038076,13.426853707414828,50.306584910690475,"14,69,27,2,32,9,10"
official33_repaired71.json,10,2495,8,5,483,14,19.35871743486974,0.561122244488978,55.265262596640895,"14,69,27,2,32,9,10,5"
official33_repaired71.json,10,2495,9,11,525,42,21.04208416833667,1.6833667334669338,59.98400426552919,"14,69,27,2,32,9,10,5,11"
official33_repaired71.json,10,2495,10,4,556,31,22.284569138276552,1.2424849699398797,64.21398738114281,"14,69,27,2,32,9,10,5,11,4"
official33_repaired71.json,10,2495,11,18,745,189,29.859719438877757,7.575150300601202,68.30178619034925,"14,69,27,2,32,9,10,5,11,4,18"
official33_repaired71.json,10,2495,12,1,954,209,38.236472945891784,8.376753507014028,72.29183328890075,"14,69,27,2,32,9,10,5,11,4,18,1"
official33_repaired71.json,10,2495,13,20,1134,180,45.450901803607216,7.214428857715431,76.2552208300009,"14,69,27,2,32,9,10,5,11,4,18,1,20"
official33_repaired71.json,10,2495,14,22,1188,54,47.61523046092184,2.164328657314629,78.7701057495779,"14,69,27,2,32,9,10,5,11,4,18,1,20,22"
official33_repaired71.json,10,2495,15,6,1281,93,51.34268537074148,3.7274549098196395,81.26721763085399,"14,69,27,2,32,9,10,5,11,4,18,1,20,22,6"
official33_repaired71.json,10,2495,16,19,1380,99,55.31062124248497,3.9679358717434865,83.59548564827158,"14,69,27,2,32,9,10,5,11,4,18,1,20,22,6,19"
official33_repaired71.json,10,2495,17,12,1509,129,60.4809619238477,5.170340681362726,85.82600195503422,"14,69,27,2,32,9,10,5,11,4,18,1,20,22,6,19,12"
official33_repaired71.json,10,2495,18,7,1554,45,62.28456913827656,1.8036072144288577,87.83435528303563,"14,69,27,2,32,9,10,5,11,4,18,1,20,22,6,19,12,7"
official33_repaired71.json,10,2495,19,17,1637,83,65.61122244488978,3.3266533066132267,89.74495690038212,"14,69,27,2,32,9,10,5,11,4,18,1,20,22,6,19,12,7,17"
official33_repaired71.json,10,2495,20,31,1758,121,70.46092184368737,4.849699398797595,91.65555851772861,"14,69,27,2,32,9,10,5,11,4,18,1,20,22,6,19,12,7,17,31"
official33_repaired71.json,10,2495,21,25,1859,101,74.50901803607213,4.04809619238477,93.1662667733049,"14,69,27,2,32,9,10,5,11,4,18,1,20,22,6,19,12,7,17,31,25"
official33_repaired71.json,10,2495,22,3,1984,125,79.5190380761523,5.01002004008016,94.46369856927042,"14,69,27,2,32,9,10,5,11,4,18,1,20,22,6,19,12,7,17,31,25,3"
official33_repaired71.json,10,2495,23,70,2110,126,84.5691382765531,5.050100200400802,95.76113036523594,"14,69,27,2,32,9,10,5,11,4,18,1,20,22,6,19,12,7,17,31,25,3,70"
official33_repaired71.json,10,2495,24,34,2215,105,88.77755511022045,4.208416833667335,96.98747000799787,"14,69,27,2,32,9,10,5,11,4,18,1,20,22,6,19,12,7,17,31,25,3,70,34"
official33_repaired71.json,10,2495,25,15,2286,71,91.62324649298597,2.845691382765531,97.96498711454723,"14,69,27,2,32,9,10,5,11,4,18,1,20,22,6,19,12,7,17,31,25,3,70,34,15"
official33_repaired71.json,10,2495,26,37,2340,54,93.78757515030061,2.164328657314629,98.48929174442371,"14,69,27,2,32,9,10,5,11,4,18,1,20,22,6,19,12,7,17,31,25,3,70,34,15,37"
official33_repaired71.json,10,2495,27,16,2393,53,95.9118236472946,2.124248496993988,99.00470985514974,"14,69,27,2,32,9,10,5,11,4,18,1,20,22,6,19,12,7,17,31,25,3,70,34,15,37,16"
official33_repaired71.json,10,2495,28,23,2440,47,97.79559118236473,1.8837675350701404,99.51124144672532,"14,69,27,2,32,9,10,5,11,4,18,1,20,22,6,19,12,7,17,31,25,3,70,34,15,37,16,23"
official33_repaired71.json,10,2495,29,50,2458,18,98.51703406813628,0.7214428857715431,99.6711987914334,"14,69,27,2,32,9,10,5,11,4,18,1,20,22,6,19,12,7,17,31,25,3,70,34,15,37,16,23,50"
official33_repaired71.json,10,2495,30,48,2470,12,98.99799599198397,0.48096192384769537,99.77783702123878,"14,69,27,2,32,9,10,5,11,4,18,1,20,22,6,19,12,7,17,31,25,3,70,34,15,37,16,23,50,48"
official33_repaired71.json,10,2495,31,33,2479,9,99.35871743486973,0.36072144288577157,99.85781569359283,"14,69,27,2,32,9,10,5,11,4,18,1,20,22,6,19,12,7,17,31,25,3,70,34,15,37,16,23,50,48,33"
official33_repaired71.json,10,2495,32,44,2487,8,99.67935871743488,0.32064128256513025,99.9289078467964,"14,69,27,2,32,9,10,5,11,4,18,1,20,22,6,19,12,7,17,31,25,3,70,34,15,37,16,23,50,48,33,44"
official33_repaired71.json,10,2495,33,71,2495,8,100.0,0.32064128256513025,100.0,"14,69,27,2,32,9,10,5,11,4,18,1,20,22,6,19,12,7,17,31,25,3,70,34,15,37,16,23,50,48,33,44,71"
official33_repaired71.json,5,2495,1,14,0,0,0.0,0.0,10.25403681991155,14
official33_repaired71.json,5,2495,2,69,0,0,0.0,0.0,19.60300318831636,"14,69"
official33_repaired71.json,5,2495,3,2,0,0,0.0,0.0,26.925845932325416,"14,69,2"
official33_repaired71.json,5,2495,4,9,4,4,0.16032064128256512,0.16032064128256512,33.94014193150262,"14,69,2,9"
official33_repaired71.json,5,2495,5,27,28,24,1.122244488977956,0.9619238476953907,40.831019232747096,"14,69,2,9,27"
official33_repaired71.json,5,2495,6,10,363,335,14.549098196392784,13.426853707414828,47.17679728478865,"14,69,2,9,27,10"
official33_repaired71.json,5,2495,7,32,470,107,18.837675350701403,4.288577154308617,53.265453049470324,"14,69,2,9,27,10,32"
official33_repaired71.json,5,2495,8,5,486,16,19.478957915831664,0.6412825651302605,58.870718913915454,"14,69,2,9,27,10,32,5"
official33_repaired71.json,5,2495,9,11,537,51,21.52304609218437,2.0440881763527057,63.66347835030341,"14,69,2,9,27,10,32,5,11"
official33_repaired71.json,5,2495,10,18,734,197,29.4188376753507,7.895791583166332,67.96256299496041,"14,69,2,9,27,10,32,5,11,18"
official33_repaired71.json,5,2495,11,1,950,216,38.07615230460922,8.657314629258517,71.94281600329117,"14,69,2,9,27,10,32,5,11,18,1"
official33_repaired71.json,5,2495,12,20,1105,155,44.28857715430862,6.212424849699398,75.7996503136892,"14,69,2,9,27,10,32,5,11,18,1,20"
official33_repaired71.json,5,2495,13,4,1193,88,47.81563126252505,3.527054108216433,78.57657101717577,"14,69,2,9,27,10,32,5,11,18,1,20,4"
official33_repaired71.json,5,2495,14,6,1292,99,51.78356713426854,3.9679358717434865,81.21978813123522,"14,69,2,9,27,10,32,5,11,18,1,20,4,6"
official33_repaired71.json,5,2495,15,19,1387,95,55.59118236472946,3.807615230460922,83.3899002365525,"14,69,2,9,27,10,32,5,11,18,1,20,4,6,19"
official33_repaired71.json,5,2495,16,17,1430,43,57.31462925851704,1.723446893787575,85.49830299290343,"14,69,2,9,27,10,32,5,11,18,1,20,4,6,19,17"
official33_repaired71.json,5,2495,17,12,1575,145,63.126252505010015,5.811623246492986,87.5038568343104,"14,69,2,9,27,10,32,5,11,18,1,20,4,6,19,17,12"
official33_repaired71.json,5,2495,18,22,1712,137,68.61723446893787,5.490981963927856,89.447701326751,"14,69,2,9,27,10,32,5,11,18,1,20,4,6,19,17,12,22"
official33_repaired71.json,5,2495,19,7,1790,78,71.7434869739479,3.12625250501002,91.31955157873084,"14,69,2,9,27,10,32,5,11,18,1,20,4,6,19,17,12,22,7"
official33_repaired71.json,5,2495,20,31,1907,117,76.43286573146293,4.68937875751503,92.81086084541809,"14,69,2,9,27,10,32,5,11,18,1,20,4,6,19,17,12,22,7,31"
official33_repaired71.json,5,2495,21,3,2032,125,81.44288577154309,5.01002004008016,94.21989098015015,"14,69,2,9,27,10,32,5,11,18,1,20,4,6,19,17,12,22,7,31,3"
official33_repaired71.json,5,2495,22,25,2114,82,84.72945891783567,3.2865731462925853,95.48493263396071,"14,69,2,9,27,10,32,5,11,18,1,20,4,6,19,17,12,22,7,31,3,25"
official33_repaired71.json,5,2495,23,70,2211,97,88.61723446893788,3.8877755511022043,96.54427645788337,"14,69,2,9,27,10,32,5,11,18,1,20,4,6,19,17,12,22,7,31,3,25,70"
official33_repaired71.json,5,2495,24,15,2274,63,91.14228456913828,2.525050100200401,97.57276560732284,"14,69,2,9,27,10,32,5,11,18,1,20,4,6,19,17,12,22,7,31,3,25,70,15"
official33_repaired71.json,5,2495,25,23,2318,44,92.90581162324649,1.7635270541082164,98.12814974802015,"14,69,2,9,27,10,32,5,11,18,1,20,4,6,19,17,12,22,7,31,3,25,70,15,23"
official33_repaired71.json,5,2495,26,34,2367,49,94.86973947895791,1.963927855711423,98.68353388871748,"14,69,2,9,27,10,32,5,11,18,1,20,4,6,19,17,12,22,7,31,3,25,70,15,23,34"
official33_repaired71.json,5,2495,27,37,2418,51,96.91382765531063,2.0440881763527057,99.20806335493161,"14,69,2,9,27,10,32,5,11,18,1,20,4,6,19,17,12,22,7,31,3,25,70,15,23,34,37"
official33_repaired71.json,5,2495,28,16,2455,37,98.39679358717434,1.4829659318637274,99.58860434022421,"14,69,2,9,27,10,32,5,11,18,1,20,4,6,19,17,12,22,7,31,3,25,70,15,23,34,37,16"
official33_repaired71.json,5,2495,29,50,2472,17,99.07815631262525,0.6813627254509018,99.76344749562892,"14,69,2,9,27,10,32,5,11,18,1,20,4,6,19,17,12,22,7,31,3,25,70,15,23,34,37,16,50"
official33_repaired71.json,5,2495,30,71,2480,8,99.39879759519037,0.32064128256513025,99.84572662758407,"14,69,2,9,27,10,32,5,11,18,1,20,4,6,19,17,12,22,7,31,3,25,70,15,23,34,37,16,50,71"
official33_repaired71.json,5,2495,31,44,2487,7,99.67935871743488,0.280561122244489,99.91772086804485,"14,69,2,9,27,10,32,5,11,18,1,20,4,6,19,17,12,22,7,31,3,25,70,15,23,34,37,16,50,71,44"
official33_repaired71.json,5,2495,32,33,2492,5,99.87975951903807,0.2004008016032064,99.96914532551682,"14,69,2,9,27,10,32,5,11,18,1,20,4,6,19,17,12,22,7,31,3,25,70,15,23,34,37,16,50,71,44,33"
official33_repaired71.json,5,2495,33,48,2495,3,100.0,0.12024048096192384,100.0,"14,69,2,9,27,10,32,5,11,18,1,20,4,6,19,17,12,22,7,31,3,25,70,15,23,34,37,16,50,71,44,33,48"
recovered26_common_minus71.json,10,2494,1,14,0,0,0.0,0.0,10.139017608897127,14
recovered26_common_minus71.json,10,2494,2,69,0,0,0.0,0.0,18.60982391102873,"14,69"
recovered26_common_minus71.json,10,2494,3,27,8,8,0.32076984763432237,0.32076984763432237,26.91380908248378,"14,69,27"
recovered26_common_minus71.json,10,2494,4,9,26,18,1.0425020048115476,0.7217321571772253,34.43929564411492,"14,69,27,9"
recovered26_common_minus71.json,10,2494,5,32,129,103,5.172413793103448,4.1299117882919,41.807228915662655,"14,69,27,9,32"
recovered26_common_minus71.json,10,2494,6,2,140,11,5.613472333600641,0.4410585404971933,48.04448563484708,"14,69,27,9,32,2"
recovered26_common_minus71.json,10,2494,7,10,474,334,19.0056134723336,13.39214113873296,53.2808155699722,"14,69,27,9,32,2,10"
recovered26_common_minus71.json,10,2494,8,5,484,10,19.406575781876505,0.40096230954290296,58.34105653382762,"14,69,27,9,32,2,10,5"
recovered26_common_minus71.json,10,2494,9,11,540,56,21.65196471531676,2.245388933440257,63.29935125115848,"14,69,27,9,32,2,10,5,11"
recovered26_common_minus71.json,10,2494,10,4,617,77,24.739374498797112,3.0874097834803527,68.03521779425394,"14,69,27,9,32,2,10,5,11,4"
recovered26_common_minus71.json,10,2494,11,18,810,193,32.47794707297514,7.738572574178028,72.46524559777572,"14,69,27,9,32,2,10,5,11,4,18"
recovered26_common_minus71.json,10,2494,12,20,1018,208,40.81796311146752,8.340016038492381,76.70064874884152,"14,69,27,9,32,2,10,5,11,4,18,20"
recovered26_common_minus71.json,10,2494,13,1,1273,255,51.04250200481155,10.224538893344025,80.89898053753475,"14,69,27,9,32,2,10,5,11,4,18,20,1"
recovered26_common_minus71.json,10,2494,14,19,1392,119,55.81395348837209,4.771451483560545,83.64226135310473,"14,69,27,9,32,2,10,5,11,4,18,20,1,19"
recovered26_common_minus71.json,10,2494,15,6,1506,114,60.38492381716119,4.570970328789094,86.11677479147359,"14,69,27,9,32,2,10,5,11,4,18,20,1,19,6"
recovered26_common_minus71.json,10,2494,16,12,1651,145,66.19887730553327,5.813953488372093,88.48007414272475,"14,69,27,9,32,2,10,5,11,4,18,20,1,19,6,12"
recovered26_common_minus71.json,10,2494,17,7,1755,104,70.36888532477947,4.170008019246191,90.82483781278961,"14,69,27,9,32,2,10,5,11,4,18,20,1,19,6,12,7"
recovered26_common_minus71.json,10,2494,18,17,1883,128,75.50120288692864,5.132317562149158,92.95644114921224,"14,69,27,9,32,2,10,5,11,4,18,20,1,19,6,12,7,17"
recovered26_common_minus71.json,10,2494,19,25,2014,131,80.75380914194066,5.2526062550120285,94.68025949953662,"14,69,27,9,32,2,10,5,11,4,18,20,1,19,6,12,7,17,25"
recovered26_common_minus71.json,10,2494,20,70,2162,148,86.68805132317561,5.934242181234964,96.209453197405,"14,69,27,9,32,2,10,5,11,4,18,20,1,19,6,12,7,17,25,70"
recovered26_common_minus71.json,10,2494,21,34,2289,127,91.78027265437049,5.092221331194867,97.58109360518999,"14,69,27,9,32,2,10,5,11,4,18,20,1,19,6,12,7,17,25,70,34"
recovered26_common_minus71.json,10,2494,22,15,2353,64,94.34643143544507,2.566158781074579,98.60055607043559,"14,69,27,9,32,2,10,5,11,4,18,20,1,19,6,12,7,17,25,70,34,15"
recovered26_common_minus71.json,10,2494,23,23,2407,54,96.51162790697676,2.165196471531676,99.19369786839667,"14,69,27,9,32,2,10,5,11,4,18,20,1,19,6,12,7,17,25,70,34,15,23"
recovered26_common_minus71.json,10,2494,24,37,2459,52,98.59663191659985,2.0850040096230953,99.67562557924003,"14,69,27,9,32,2,10,5,11,4,18,20,1,19,6,12,7,17,25,70,34,15,23,37"
recovered26_common_minus71.json,10,2494,25,50,2484,25,99.5990376904571,1.0024057738572574,99.90732159406858,"14,69,27,9,32,2,10,5,11,4,18,20,1,19,6,12,7,17,25,70,34,15,23,37,50"
recovered26_common_minus71.json,10,2494,26,33,2494,10,100.0,0.40096230954290296,100.0,"14,69,27,9,32,2,10,5,11,4,18,20,1,19,6,12,7,17,25,70,34,15,23,37,50,33"
recovered26_common_minus71.json,5,2494,1,14,0,0,0.0,0.0,11.169881767268201,14
recovered26_common_minus71.json,5,2494,2,69,0,0,0.0,0.0,20.28624766645924,"14,69"
recovered26_common_minus71.json,5,2494,3,9,3,3,0.12028869286287089,0.12028869286287089,28.45882596971583,"14,69,9"
recovered26_common_minus71.json,5,2494,4,27,26,23,1.0425020048115476,0.9222133119486768,35.79132959966812,"14,69,9,27"
recovered26_common_minus71.json,5,2494,5,32,129,103,5.172413793103448,4.1299117882919,42.874922215308025,"14,69,9,27,32"
recovered26_common_minus71.json,5,2494,6,2,140,11,5.613472333600641,0.4410585404971933,49.719975108898566,"14,69,9,27,32,2"
recovered26_common_minus71.json,5,2494,7,10,474,334,19.0056134723336,13.39214113873296,55.548641360713546,"14,69,9,27,32,2,10"
recovered26_common_minus71.json,5,2494,8,5,485,11,19.446672012830792,0.4410585404971933,61.08691142916407,"14,69,9,27,32,2,10,5"
recovered26_common_minus71.json,5,2494,9,11,559,74,22.413793103448278,2.967121090617482,66.23107239161999,"14,69,9,27,32,2,10,5,11"
recovered26_common_minus71.json,5,2494,10,18,768,209,30.793905372894947,8.380112269446673,70.88778261771417,"14,69,9,27,32,2,10,5,11,18"
recovered26_common_minus71.json,5,2494,11,20,972,204,38.97353648757017,8.179631114675221,75.05704210744659,"14,69,9,27,32,2,10,5,11,18,20"
recovered26_common_minus71.json,5,2494,12,1,1224,252,49.077786688051326,10.104250200481154,79.18481642812695,"14,69,9,27,32,2,10,5,11,18,20,1"
recovered26_common_minus71.json,5,2494,13,4,1371,147,54.971932638332,5.894145950280674,82.5969715826592,"14,69,9,27,32,2,10,5,11,18,20,1,4"
recovered26_common_minus71.json,5,2494,14,6,1519,148,60.906174819566964,5.934242181234964,85.07571043352002,"14,69,9,27,32,2,10,5,11,18,20,1,4,6"
recovered26_common_minus71.json,5,2494,15,19,1648,129,66.0785886126704,5.172413793103448,87.49222153080274,"14,69,9,27,32,2,10,5,11,18,20,1,4,6,19"
recovered26_common_minus71.json,5,2494,16,17,1709,61,68.52445870088212,2.445870088211708,89.7427919518772,"14,69,9,27,32,2,10,5,11,18,20,1,4,6,19,17"
recovered26_common_minus71.json,5,2494,17,12,1867,158,74.85966319165999,6.335204490777866,91.86890686579548,"14,69,9,27,32,2,10,5,11,18,20,1,4,6,19,17,12"
recovered26_common_minus71.json,5,2494,18,7,2007,140,80.47313552526063,5.613472333600641,93.9639079029247,"14,69,9,27,32,2,10,5,11,18,20,1,4,6,19,17,12,7"
recovered26_common_minus71.json,5,2494,19,25,2121,114,85.04410585404972,4.570970328789094,95.44700269653599,"14,69,9,27,32,2,10,5,11,18,20,1,4,6,19,17,12,7,25"
recovered26_common_minus71.json,5,2494,20,70,2244,123,89.97594226142742,4.931836407377706,96.76415681393902,"14,69,9,27,32,2,10,5,11,18,20,1,4,6,19,17,12,7,25,70"
recovered26_common_minus71.json,5,2494,21,15,2297,53,92.10104250200482,2.125100240577386,97.7909147479776,"14,69,9,27,32,2,10,5,11,18,20,1,4,6,19,17,12,7,25,70,15"
recovered26_common_minus71.json,5,2494,22,34,2368,71,94.94787489975943,2.846832397754611,98.61024683675585,"14,69,9,27,32,2,10,5,11,18,20,1,4,6,19,17,12,7,25,70,15,34"
recovered26_common_minus71.json,5,2494,23,23,2421,53,97.07297514033681,2.125100240577386,99.24289566479983,"14,69,9,27,32,2,10,5,11,18,20,1,4,6,19,17,12,7,25,70,15,34,23"
recovered26_common_minus71.json,5,2494,24,37,2465,44,98.83720930232558,1.7642341619887731,99.69923252437253,"14,69,9,27,32,2,10,5,11,18,20,1,4,6,19,17,12,7,25,70,15,34,23,37"
recovered26_common_minus71.json,5,2494,25,50,2488,23,99.75942261427426,0.9222133119486768,99.9377722464219,"14,69,9,27,32,2,10,5,11,18,20,1,4,6,19,17,12,7,25,70,15,34,23,37,50"
recovered26_common_minus71.json,5,2494,26,33,2494,6,100.0,0.24057738572574178,100.0,"14,69,9,27,32,2,10,5,11,18,20,1,4,6,19,17,12,7,25,70,15,34,23,37,50,33"
recovered27_common.json,10,2498,1,14,0,0,0.0,0.0,9.763779527559056,14
recovered27_common.json,10,2498,2,69,0,0,0.0,0.0,18.71236683649838,"14,69"
recovered27_common.json,10,2498,3,27,12,12,0.4803843074459567,0.4803843074459567,27.12366836498379,"14,69,27"
recovered27_common.json,10,2498,4,32,98,86,3.923138510808647,3.4427542033626897,34.59008800370542,"14,69,27,32"
recovered27_common.json,10,2498,5,9,135,37,5.4043234587670135,1.4811849479583667,41.574803149606296,"14,69,27,32,9"
recovered27_common.json,10,2498,6,2,145,10,5.804643714971978,0.4003202562049639,48.263084761463645,"14,69,27,32,9,2"
recovered27_common.json,10,2498,7,10,511,366,20.456365092073657,14.651721377101682,54.04353867531264,"14,69,27,32,9,2,10"
recovered27_common.json,10,2498,8,5,523,12,20.936749399519616,0.4803843074459567,59.0365910143585,"14,69,27,32,9,2,10,5"
recovered27_common.json,10,2498,9,11,578,55,23.138510808646917,2.2017614091273017,63.90921723019917,"14,69,27,32,9,2,10,5,11"
recovered27_common.json,10,2498,10,18,775,197,31.024819855884704,7.8863090472377895,68.39277443260768,"14,69,27,32,9,2,10,5,11,18"
recovered27_common.json,10,2498,11,1,1019,244,40.79263410728583,9.76781425140112,72.69106067623899,"14,69,27,32,9,2,10,5,11,18,1"
recovered27_common.json,10,2498,12,4,1087,68,43.514811849479585,2.722177742193755,76.95229272811487,"14,69,27,32,9,2,10,5,11,18,1,4"
recovered27_common.json,10,2498,13,20,1297,210,51.92153722978383,8.406725380304243,81.18573413617416,"14,69,27,32,9,2,10,5,11,18,1,4,20"
recovered27_common.json,10,2498,14,19,1421,124,56.885508406725386,4.963971176941554,83.91848077813803,"14,69,27,32,9,2,10,5,11,18,1,4,20,19"
recovered27_common.json,10,2498,15,6,1537,116,61.52922337870296,4.643714971977582,86.54006484483557,"14,69,27,32,9,2,10,5,11,18,1,4,20,19,6"
recovered27_common.json,10,2498,16,12,1703,166,68.17453963170537,6.645316253002402,89.0690134321445,"14,69,27,32,9,2,10,5,11,18,1,4,20,19,6,12"
recovered27_common.json,10,2498,17,17,1767,64,70.73658927141715,2.5620496397117694,91.22742010189903,"14,69,27,32,9,2,10,5,11,18,1,4,20,19,6,12,17"
recovered27_common.json,10,2498,18,7,1909,142,76.42113690952762,5.684547638110488,93.33950903195924,"14,69,27,32,9,2,10,5,11,18,1,4,20,19,6,12,17,7"
recovered27_common.json,10,2498,19,25,2033,124,81.38510808646917,4.963971176941554,95.07179249652616,"14,69,27,32,9,2,10,5,11,18,1,4,20,19,6,12,17,7,25"
recovered27_common.json,10,2498,20,70,2159,126,86.42914331465172,5.044035228182546,96.42427049559981,"14,69,27,32,9,2,10,5,11,18,1,4,20,19,6,12,17,7,25,70"
recovered27_common.json,10,2498,21,34,2285,126,91.47317854283426,5.044035228182546,97.75822139879574,"14,69,27,32,9,2,10,5,11,18,1,4,20,19,6,12,17,7,25,70,34"
recovered27_common.json,10,2498,22,15,2359,74,94.435548438751,2.9623698959167335,98.68457619268179,"14,69,27,32,9,2,10,5,11,18,1,4,20,19,6,12,17,7,25,70,34,15"
recovered27_common.json,10,2498,23,37,2419,60,96.83746997598078,2.401921537229784,99.24038906901343,"14,69,27,32,9,2,10,5,11,18,1,4,20,19,6,12,17,7,25,70,34,15,37"
recovered27_common.json,10,2498,24,23,2470,51,98.8791032826261,2.0416333066453163,99.7406206577119,"14,69,27,32,9,2,10,5,11,18,1,4,20,19,6,12,17,7,25,70,34,15,37,23"
recovered27_common.json,10,2498,25,50,2482,12,99.35948759007206,0.4803843074459567,99.85178323297824,"14,69,27,32,9,2,10,5,11,18,1,4,20,19,6,12,17,7,25,70,34,15,37,23,50"
recovered27_common.json,10,2498,26,71,2493,11,99.79983987189752,0.4403522818254604,99.9536822603057,"14,69,27,32,9,2,10,5,11,18,1,4,20,19,6,12,17,7,25,70,34,15,37,23,50,71"
recovered27_common.json,10,2498,27,33,2498,5,100.0,0.20016012810248196,100.0,"14,69,27,32,9,2,10,5,11,18,1,4,20,19,6,12,17,7,25,70,34,15,37,23,50,71,33"
recovered27_common.json,5,2498,1,14,0,0,0.0,0.0,10.77782374844849,14
recovered27_common.json,5,2498,2,69,0,0,0.0,0.0,20.448903599503517,"14,69"
recovered27_common.json,5,2498,3,9,3,3,0.12009607686148918,0.12009607686148918,27.978899462143154,"14,69,9"
recovered27_common.json,5,2498,4,27,27,24,1.0808646917534028,0.9607686148919135,35.47786512205213,"14,69,9,27"
recovered27_common.json,5,2498,5,32,135,108,5.4043234587670135,4.323458767013611,42.8113363673976,"14,69,9,27,32"
recovered27_common.json,5,2498,6,2,146,11,5.844675740592474,0.4403522818254604,50.09309060819197,"14,69,9,27,32,2"
recovered27_common.json,5,2498,7,10,512,366,20.496397117694155,14.651721377101682,56.48531237070748,"14,69,9,27,32,2,10"
recovered27_common.json,5,2498,8,5,528,16,21.136909527622098,0.6405124099279423,61.93628465039305,"14,69,9,27,32,2,10,5"
recovered27_common.json,5,2498,9,11,602,74,24.09927942353883,2.9623698959167335,66.85974348365743,"14,69,9,27,32,2,10,5,11"
recovered27_common.json,5,2498,10,18,810,208,32.42594075260208,8.326661329063251,71.50393049234587,"14,69,9,27,32,2,10,5,11,18"
recovered27_common.json,5,2498,11,1,1058,248,42.35388310648519,9.927942353883108,75.65163425734382,"14,69,9,27,32,2,10,5,11,18,1"
recovered27_common.json,5,2498,12,20,1246,188,49.879903923138514,7.526020816653323,79.77865122052131,"14,69,9,27,32,2,10,5,11,18,1,20"
recovered27_common.json,5,2498,13,4,1380,134,55.24419535628503,5.3642914331465175,82.6748034753827,"14,69,9,27,32,2,10,5,11,18,1,20,4"
recovered27_common.json,5,2498,14,6,1539,159,61.60928742994396,6.365092073658928,85.37443111294994,"14,69,9,27,32,2,10,5,11,18,1,20,4,6"
recovered27_common.json,5,2498,15,19,1675,136,67.05364291433146,5.44435548438751,87.877534133223,"14,69,9,27,32,2,10,5,11,18,1,20,4,6,19"
recovered27_common.json,5,2498,16,12,1832,157,73.3386709367494,6.285028022417935,90.19445593711212,"14,69,9,27,32,2,10,5,11,18,1,20,4,6,19,12"
recovered27_common.json,5,2498,17,17,1912,80,76.5412329863891,3.2025620496397114,92.45966073645015,"14,69,9,27,32,2,10,5,11,18,1,20,4,6,19,12,17"
recovered27_common.json,5,2498,18,7,2041,129,81.70536429143314,5.164131305044036,94.37318990484071,"14,69,9,27,32,2,10,5,11,18,1,20,4,6,19,12,17,7"
recovered27_common.json,5,2498,19,25,2134,93,85.42834267413932,3.722978382706165,95.77989242863053,"14,69,9,27,32,2,10,5,11,18,1,20,4,6,19,12,17,7,25"
recovered27_common.json,5,2498,20,70,2239,105,89.63170536429143,4.2033626901521215,96.93835333057508,"14,69,9,27,32,2,10,5,11,18,1,20,4,6,19,12,17,7,25,70"
recovered27_common.json,5,2498,21,15,2307,68,92.35388310648518,2.722177742193755,97.92097641704592,"14,69,9,27,32,2,10,5,11,18,1,20,4,6,19,12,17,7,25,70,15"
recovered27_common.json,5,2498,22,34,2376,69,95.11609287429944,2.762209767814251,98.70707488622259,"14,69,9,27,32,2,10,5,11,18,1,20,4,6,19,12,17,7,25,70,15,34"
recovered27_common.json,5,2498,23,23,2425,49,97.07766212970377,1.9615692554043236,99.24493173355398,"14,69,9,27,32,2,10,5,11,18,1,20,4,6,19,12,17,7,25,70,15,34,23"
recovered27_common.json,5,2498,24,37,2473,48,98.99919935948759,1.921537229783827,99.74141497724452,"14,69,9,27,32,2,10,5,11,18,1,20,4,6,19,12,17,7,25,70,15,34,23,37"
recovered27_common.json,5,2498,25,50,2484,11,99.43955164131305,0.4403522818254604,99.85519238725693,"14,69,9,27,32,2,10,5,11,18,1,20,4,6,19,12,17,7,25,70,15,34,23,37,50"
recovered27_common.json,5,2498,26,71,2495,11,99.87990392313851,0.4403522818254604,99.96896979726935,"14,69,9,27,32,2,10,5,11,18,1,20,4,6,19,12,17,7,25,70,15,34,23,37,50,71"
recovered27_common.json,5,2498,27,33,2498,3,100.0,0.12009607686148918,100.0,"14,69,9,27,32,2,10,5,11,18,1,20,4,6,19,12,17,7,25,70,15,34,23,37,50,71,33"
recovered29.json,10,2498,1,14,0,0,0.0,0.0,9.606741573033707,14
recovered29.json,10,2498,2,69,0,0,0.0,0.0,18.661048689138575,"14,69"
recovered29.json,10,2498,3,27,9,9,0.3602882305844676,0.3602882305844676,26.79775280898876,"14,69,27"
recovered29.json,10,2498,4,32,105,96,4.2033626901521215,3.843074459567654,33.97940074906367,"14,69,27,32"
recovered29.json,10,2498,5,2,111,6,4.4435548438751,0.24019215372297836,40.88014981273408,"14,69,27,32,2"
recovered29.json,10,2498,6,9,140,29,5.604483586869495,1.1609287429943955,47.67790262172284,"14,69,27,32,2,9"
recovered29.json,10,2498,7,10,495,355,19.815852682145714,14.211369095276222,53.48314606741573,"14,69,27,32,2,9,10"
recovered29.json,10,2498,8,11,546,51,21.857485988791034,2.0416333066453163,58.59550561797753,"14,69,27,32,2,9,10,11"
recovered29.json,10,2498,9,5,565,19,22.618094475580463,0.7606084867894315,63.548689138576776,"14,69,27,32,2,9,10,11,5"
recovered29.json,10,2498,10,18,782,217,31.30504403522818,8.686949559647719,68.18352059925094,"14,69,27,32,2,9,10,11,5,18"
recovered29.json,10,2498,11,4,850,68,34.02722177742194,2.722177742193755,72.6310861423221,"14,69,27,32,2,9,10,11,5,18,4"
recovered29.json,10,2498,12,20,1055,205,42.2337870296237,8.206565252201761,76.92883895131087,"14,69,27,32,2,9,10,11,5,18,4,20"
recovered29.json,10,2498,13,1,1314,259,52.602081665332264,10.368294635708567,81.16104868913858,"14,69,27,32,2,9,10,11,5,18,4,20,1"
recovered29.json,10,2498,14,6,1437,123,57.52602081665332,4.923939151321057,83.94194756554307,"14,69,27,32,2,9,10,11,5,18,4,20,1,6"
recovered29.json,10,2498,15,19,1556,119,62.289831865492395,4.763811048839071,86.32958801498127,"14,69,27,32,2,9,10,11,5,18,4,20,1,6,19"
recovered29.json,10,2498,16,17,1618,62,64.77181745396317,2.481985588470777,88.63295880149813,"14,69,27,32,2,9,10,11,5,18,4,20,1,6,19,17"
recovered29.json,10,2498,17,7,1715,97,68.65492393915133,3.8831064851881507,90.83333333333333,"14,69,27,32,2,9,10,11,5,18,4,20,1,6,19,17,7"
recovered29.json,10,2498,18,12,1896,181,75.90072057646117,7.245796637309848,92.98689138576779,"14,69,27,32,2,9,10,11,5,18,4,20,1,6,19,17,7,12"
recovered29.json,10,2498,19,25,2016,120,80.70456365092073,4.803843074459568,94.6067415730337,"14,69,27,32,2,9,10,11,5,18,4,20,1,6,19,17,7,12,25"
recovered29.json,10,2498,20,34,2143,127,85.78863090472379,5.084067253803042,96.02059925093633,"14,69,27,32,2,9,10,11,5,18,4,20,1,6,19,17,7,12,25,34"
recovered29.json,10,2498,21,70,2269,126,90.83266613290633,5.044035228182546,97.37827715355806,"14,69,27,32,2,9,10,11,5,18,4,20,1,6,19,17,7,12,25,34,70"
recovered29.json,10,2498,22,15,2340,71,93.67493995196156,2.842273819055244,98.41760299625469,"14,69,27,32,2,9,10,11,5,18,4,20,1,6,19,17,7,12,25,34,70,15"
recovered29.json,10,2498,23,23,2394,54,95.83666933546837,2.1617293835068057,99.02621722846442,"14,69,27,32,2,9,10,11,5,18,4,20,1,6,19,17,7,12,25,34,70,15,23"
recovered29.json,10,2498,24,37,2453,59,98.19855884707766,2.3618895116092875,99.57865168539325,"14,69,27,32,2,9,10,11,5,18,4,20,1,6,19,17,7,12,25,34,70,15,23,37"
recovered29.json,10,2498,25,50,2472,19,98.9591673338671,0.7606084867894315,99.7565543071161,"14,69,27,32,2,9,10,11,5,18,4,20,1,6,19,17,7,12,25,34,70,15,23,37,50"
recovered29.json,10,2498,26,33,2482,10,99.35948759007206,0.4003202562049639,99.8501872659176,"14,69,27,32,2,9,10,11,5,18,4,20,1,6,19,17,7,12,25,34,70,15,23,37,50,33"
recovered29.json,10,2498,27,35,2490,8,99.67974379503602,0.32025620496397117,99.9250936329588,"14,69,27,32,2,9,10,11,5,18,4,20,1,6,19,17,7,12,25,34,70,15,23,37,50,33,35"
recovered29.json,10,2498,28,71,2497,7,99.95996797437951,0.28022417934347477,99.99063670411985,"14,69,27,32,2,9,10,11,5,18,4,20,1,6,19,17,7,12,25,34,70,15,23,37,50,33,35,71"
recovered29.json,10,2498,29,41,2498,1,100.0,0.040032025620496396,100.0,"14,69,27,32,2,9,10,11,5,18,4,20,1,6,19,17,7,12,25,34,70,15,23,37,50,33,35,71,41"
recovered29.json,5,2498,1,14,0,0,0.0,0.0,10.616616408443381,14
recovered29.json,5,2498,2,69,0,0,0.0,0.0,20.4221690755953,"14,69"
recovered29.json,5,2498,3,2,0,0,0.0,0.0,27.898513049807633,"14,69,2"
recovered29.json,5,2498,4,9,6,6,0.24019215372297836,0.24019215372297836,35.27087449308517,"14,69,2,9"
recovered29.json,5,2498,5,27,27,21,1.0808646917534028,0.8406725380304243,42.57044816470833,"14,69,2,9,27"
recovered29.json,5,2498,6,32,143,116,5.724579663730984,4.643714971977582,49.45409171259229,"14,69,2,9,27,32"
recovered29.json,5,2498,7,10,498,355,19.935948759007204,14.211369095276222,55.81782260580223,"14,69,2,9,27,32,10"
recovered29.json,5,2498,8,5,512,14,20.496397117694155,0.5604483586869495,61.20411770822501,"14,69,2,9,27,32,10,5"
recovered29.json,5,2498,9,11,588,76,23.53883106485188,3.042433947157726,66.34085473640428,"14,69,2,9,27,32,10,5,11"
recovered29.json,5,2498,10,18,815,227,32.62610088070456,9.087269815852682,71.22803369034003,"14,69,2,9,27,32,10,5,11,18"
recovered29.json,5,2498,11,20,994,179,39.79183346677342,7.165732586068856,75.4601226993865,"14,69,2,9,27,32,10,5,11,18,20"
recovered29.json,5,2498,12,1,1252,258,50.120096076861486,10.328262610088071,79.6298221898721,"14,69,2,9,27,32,10,5,11,18,20,1"
recovered29.json,5,2498,13,4,1385,133,55.44435548438751,5.324259407526021,82.65571384007487,"14,69,2,9,27,32,10,5,11,18,20,1,4"
recovered29.json,5,2498,14,6,1565,180,62.65012009607687,7.205764611689351,85.4424456691276,"14,69,2,9,27,32,10,5,11,18,20,1,4,6"
recovered29.json,5,2498,15,17,1639,74,65.6124899919936,2.9623698959167335,87.8652386399085,"14,69,2,9,27,32,10,5,11,18,20,1,4,6,17"
recovered29.json,5,2498,16,19,1759,120,70.41633306645316,4.803843074459568,90.0800665488198,"14,69,2,9,27,32,10,5,11,18,20,1,4,6,17,19"
recovered29.json,5,2498,17,7,1861,102,74.4995996797438,4.083266613290633,92.12852240823541,"14,69,2,9,27,32,10,5,11,18,20,1,4,6,17,19,7"
recovered29.json,5,2498,18,12,2015,154,80.66453162530024,6.164931945556445,93.95861495268795,"14,69,2,9,27,32,10,5,11,18,20,1,4,6,17,19,7,12"
recovered29.json,5,2498,19,25,2112,97,84.54763811048839,3.8831064851881507,95.31038785484039,"14,69,2,9,27,32,10,5,11,18,20,1,4,6,17,19,7,12,25"
recovered29.json,5,2498,20,70,2212,100,88.55084067253803,4.00320256204964,96.43339918893626,"14,69,2,9,27,32,10,5,11,18,20,1,4,6,17,19,7,12,25,70"
recovered29.json,5,2498,21,15,2273,61,90.9927942353883,2.44195356285028,97.47322449828428,"14,69,2,9,27,32,10,5,11,18,20,1,4,6,17,19,7,12,25,70,15"
recovered29.json,5,2498,22,34,2351,78,94.11529223378703,3.122497998398719,98.35707601123012,"14,69,2,9,27,32,10,5,11,18,20,1,4,6,17,19,7,12,25,70,15,34"
recovered29.json,5,2498,23,23,2401,50,96.11689351481185,2.00160128102482,98.9913694499324,"14,69,2,9,27,32,10,5,11,18,20,1,4,6,17,19,7,12,25,70,15,34,23"
recovered29.json,5,2498,24,37,2455,54,98.27862289831866,2.1617293835068057,99.55287511698035,"14,69,2,9,27,32,10,5,11,18,20,1,4,6,17,19,7,12,25,70,15,34,23,37"
recovered29.json,5,2498,25,50,2473,18,98.99919935948759,0.7205764611689351,99.74004367266299,"14,69,2,9,27,32,10,5,11,18,20,1,4,6,17,19,7,12,25,70,15,34,23,37,50"
recovered29.json,5,2498,26,33,2482,9,99.35948759007206,0.3602882305844676,99.83362795050431,"14,69,2,9,27,32,10,5,11,18,20,1,4,6,17,19,7,12,25,70,15,34,23,37,50,33"
recovered29.json,5,2498,27,35,2490,8,99.67974379503602,0.32025620496397117,99.91681397525215,"14,69,2,9,27,32,10,5,11,18,20,1,4,6,17,19,7,12,25,70,15,34,23,37,50,33,35"
recovered29.json,5,2498,28,71,2497,7,99.95996797437951,0.28022417934347477,99.98960174690652,"14,69,2,9,27,32,10,5,11,18,20,1,4,6,17,19,7,12,25,70,15,34,23,37,50,33,35,71"
recovered29.json,5,2498,29,41,2498,1,100.0,0.040032025620496396,100.0,"14,69,2,9,27,32,10,5,11,18,20,1,4,6,17,19,7,12,25,70,15,34,23,37,50,33,35,71,41"
