run,map,n,D_m,window,N,map_n,source,f,fraction_pct_display,method,median_m,effect_pct,draws,line,min_m,max_m
O26M71_N4P7_D5000_W10,official26_common_minus71.json,4.7,5000,10,2494,26,results/O26M71_N4P7_D5000_W10.txt,1,4,WCL,581.0,0.6,8,76,577.0,638.0
O26M71_N4P7_D5000_W10,official26_common_minus71.json,4.7,5000,10,2494,26,results/O26M71_N4P7_D5000_W10.txt,1,4,ABS,548.0,-0.2,8,76,543.0,565.0
O26M71_N4P7_D5000_W10,official26_common_minus71.json,4.7,5000,10,2494,26,results/O26M71_N4P7_D5000_W10.txt,1,4,DIFF,1025.0,-2.2,8,76,810.0,1124.0
O26M71_N4P7_D5000_W10,official26_common_minus71.json,4.7,5000,10,2494,26,results/O26M71_N4P7_D5000_W10.txt,1,4,Min-Max,492.0,2.5,8,76,471.0,545.0
O26M71_N4P7_D5000_W10,official26_common_minus71.json,4.7,5000,10,2494,26,results/O26M71_N4P7_D5000_W10.txt,3,12,WCL,631.0,9.3,8,78,584.0,694.0
O26M71_N4P7_D5000_W10,official26_common_minus71.json,4.7,5000,10,2494,26,results/O26M71_N4P7_D5000_W10.txt,3,12,ABS,589.0,7.3,8,78,550.0,604.0
O26M71_N4P7_D5000_W10,official26_common_minus71.json,4.7,5000,10,2494,26,results/O26M71_N4P7_D5000_W10.txt,3,12,DIFF,998.0,-4.7,8,78,833.0,1180.0
O26M71_N4P7_D5000_W10,official26_common_minus71.json,4.7,5000,10,2494,26,results/O26M71_N4P7_D5000_W10.txt,3,12,Min-Max,556.0,15.6,8,78,493.0,622.0
O26M71_N4P7_D5000_W10,official26_common_minus71.json,4.7,5000,10,2494,26,results/O26M71_N4P7_D5000_W10.txt,6,23,WCL,642.0,11.3,8,80,595.0,662.0
O26M71_N4P7_D5000_W10,official26_common_minus71.json,4.7,5000,10,2494,26,results/O26M71_N4P7_D5000_W10.txt,6,23,ABS,610.0,11.1,8,80,529.0,719.0
O26M71_N4P7_D5000_W10,official26_common_minus71.json,4.7,5000,10,2494,26,results/O26M71_N4P7_D5000_W10.txt,6,23,DIFF,948.0,-9.6,8,80,777.0,1096.0
O26M71_N4P7_D5000_W10,official26_common_minus71.json,4.7,5000,10,2494,26,results/O26M71_N4P7_D5000_W10.txt,6,23,Min-Max,580.0,20.8,8,80,545.0,671.0
O26M71_N4P7_D5000_W10,official26_common_minus71.json,4.7,5000,10,2494,26,results/O26M71_N4P7_D5000_W10.txt,13,50,WCL,812.0,40.8,8,82,590.0,1220.0
O26M71_N4P7_D5000_W10,official26_common_minus71.json,4.7,5000,10,2494,26,results/O26M71_N4P7_D5000_W10.txt,13,50,ABS,650.0,18.4,8,82,572.0,870.0
O26M71_N4P7_D5000_W10,official26_common_minus71.json,4.7,5000,10,2494,26,results/O26M71_N4P7_D5000_W10.txt,13,50,DIFF,844.0,-19.5,8,82,751.0,1221.0
O26M71_N4P7_D5000_W10,official26_common_minus71.json,4.7,5000,10,2494,26,results/O26M71_N4P7_D5000_W10.txt,13,50,Min-Max,741.0,54.1,8,82,548.0,1018.0
O26M71_N4P7_D5000_W10,official26_common_minus71.json,4.7,5000,10,2494,26,results/O26M71_N4P7_D5000_W10.txt,19,73,WCL,987.0,71.1,8,84,722.0,1920.0
O26M71_N4P7_D5000_W10,official26_common_minus71.json,4.7,5000,10,2494,26,results/O26M71_N4P7_D5000_W10.txt,19,73,ABS,822.0,49.7,8,84,739.0,1157.0
O26M71_N4P7_D5000_W10,official26_common_minus71.json,4.7,5000,10,2494,26,results/O26M71_N4P7_D5000_W10.txt,19,73,DIFF,1120.0,6.8,8,84,882.0,1519.0
O26M71_N4P7_D5000_W10,official26_common_minus71.json,4.7,5000,10,2494,26,results/O26M71_N4P7_D5000_W10.txt,19,73,Min-Max,881.0,83.3,8,84,691.0,1170.0
O26M71_N4P7_D5000_W10,official26_common_minus71.json,4.7,5000,10,2494,26,results/O26M71_N4P7_D5000_W10.txt,26,100,WCL,3096.0,436.5,8,86,2766.0,3335.0
O26M71_N4P7_D5000_W10,official26_common_minus71.json,4.7,5000,10,2494,26,results/O26M71_N4P7_D5000_W10.txt,26,100,ABS,1604.0,192.1,8,86,1358.0,1727.0
O26M71_N4P7_D5000_W10,official26_common_minus71.json,4.7,5000,10,2494,26,results/O26M71_N4P7_D5000_W10.txt,26,100,DIFF,1853.0,76.8,8,86,1701.0,2033.0
O26M71_N4P7_D5000_W10,official26_common_minus71.json,4.7,5000,10,2494,26,results/O26M71_N4P7_D5000_W10.txt,26,100,Min-Max,1866.0,288.4,8,86,1647.0,2145.0
O27_N4P7_D10000_W10,official27_common.json,4.7,10000,10,2498,27,results/O27_N4P7_D10000_W10.txt,1,4,WCL,555.0,0.9,8,76,550.0,582.0
O27_N4P7_D10000_W10,official27_common.json,4.7,10000,10,2498,27,results/O27_N4P7_D10000_W10.txt,1,4,ABS,560.0,0.0,8,76,551.0,569.0
O27_N4P7_D10000_W10,official27_common.json,4.7,10000,10,2498,27,results/O27_N4P7_D10000_W10.txt,1,4,DIFF,1050.0,-4.9,8,76,847.0,1102.0
O27_N4P7_D10000_W10,official27_common.json,4.7,10000,10,2498,27,results/O27_N4P7_D10000_W10.txt,1,4,Min-Max,446.0,0.7,8,76,442.0,525.0
O27_N4P7_D10000_W10,official27_common.json,4.7,10000,10,2498,27,results/O27_N4P7_D10000_W10.txt,3,11,WCL,596.0,8.3,8,78,561.0,671.0
O27_N4P7_D10000_W10,official27_common.json,4.7,10000,10,2498,27,results/O27_N4P7_D10000_W10.txt,3,11,ABS,589.0,5.1,8,78,557.0,609.0
O27_N4P7_D10000_W10,official27_common.json,4.7,10000,10,2498,27,results/O27_N4P7_D10000_W10.txt,3,11,DIFF,937.0,-15.2,8,78,822.0,1096.0
O27_N4P7_D10000_W10,official27_common.json,4.7,10000,10,2498,27,results/O27_N4P7_D10000_W10.txt,3,11,Min-Max,553.0,24.9,8,78,460.0,675.0
O27_N4P7_D10000_W10,official27_common.json,4.7,10000,10,2498,27,results/O27_N4P7_D10000_W10.txt,6,22,WCL,601.0,9.3,8,80,590.0,641.0
O27_N4P7_D10000_W10,official27_common.json,4.7,10000,10,2498,27,results/O27_N4P7_D10000_W10.txt,6,22,ABS,624.0,11.5,8,80,560.0,735.0
O27_N4P7_D10000_W10,official27_common.json,4.7,10000,10,2498,27,results/O27_N4P7_D10000_W10.txt,6,22,DIFF,845.0,-23.5,8,80,744.0,1020.0
O27_N4P7_D10000_W10,official27_common.json,4.7,10000,10,2498,27,results/O27_N4P7_D10000_W10.txt,6,22,Min-Max,639.0,44.4,8,80,477.0,766.0
O27_N4P7_D10000_W10,official27_common.json,4.7,10000,10,2498,27,results/O27_N4P7_D10000_W10.txt,13,48,WCL,826.0,50.1,8,82,601.0,1023.0
O27_N4P7_D10000_W10,official27_common.json,4.7,10000,10,2498,27,results/O27_N4P7_D10000_W10.txt,13,48,ABS,691.0,23.3,8,82,646.0,972.0
O27_N4P7_D10000_W10,official27_common.json,4.7,10000,10,2498,27,results/O27_N4P7_D10000_W10.txt,13,48,DIFF,967.0,-12.4,8,82,853.0,1165.0
O27_N4P7_D10000_W10,official27_common.json,4.7,10000,10,2498,27,results/O27_N4P7_D10000_W10.txt,13,48,Min-Max,863.0,94.9,8,82,563.0,1071.0
O27_N4P7_D10000_W10,official27_common.json,4.7,10000,10,2498,27,results/O27_N4P7_D10000_W10.txt,20,74,WCL,1733.0,215.0,8,84,815.0,4342.0
O27_N4P7_D10000_W10,official27_common.json,4.7,10000,10,2498,27,results/O27_N4P7_D10000_W10.txt,20,74,ABS,1295.0,131.1,8,84,929.0,2039.0
O27_N4P7_D10000_W10,official27_common.json,4.7,10000,10,2498,27,results/O27_N4P7_D10000_W10.txt,20,74,DIFF,1558.0,41.1,8,84,1114.0,2424.0
O27_N4P7_D10000_W10,official27_common.json,4.7,10000,10,2498,27,results/O27_N4P7_D10000_W10.txt,20,74,Min-Max,1477.0,233.6,8,84,885.0,2308.0
O27_N4P7_D10000_W10,official27_common.json,4.7,10000,10,2498,27,results/O27_N4P7_D10000_W10.txt,27,100,WCL,6068.0,1003.0,8,86,5270.0,6669.0
O27_N4P7_D10000_W10,official27_common.json,4.7,10000,10,2498,27,results/O27_N4P7_D10000_W10.txt,27,100,ABS,2932.0,423.3,8,86,2630.0,3249.0
O27_N4P7_D10000_W10,official27_common.json,4.7,10000,10,2498,27,results/O27_N4P7_D10000_W10.txt,27,100,DIFF,3260.0,195.3,8,86,3077.0,3615.0
O27_N4P7_D10000_W10,official27_common.json,4.7,10000,10,2498,27,results/O27_N4P7_D10000_W10.txt,27,100,Min-Max,3653.0,725.2,8,86,2425.0,4817.0
O27_N4P7_D1000_W10,official27_common.json,4.7,1000,10,2498,27,results/O27_N4P7_D1000_W10.txt,1,4,WCL,553.0,0.4,8,76,550.0,580.0
O27_N4P7_D1000_W10,official27_common.json,4.7,1000,10,2498,27,results/O27_N4P7_D1000_W10.txt,1,4,ABS,560.0,0.0,8,76,544.0,620.0
O27_N4P7_D1000_W10,official27_common.json,4.7,1000,10,2498,27,results/O27_N4P7_D1000_W10.txt,1,4,DIFF,1104.0,0.0,8,76,1062.0,1255.0
O27_N4P7_D1000_W10,official27_common.json,4.7,1000,10,2498,27,results/O27_N4P7_D1000_W10.txt,1,4,Min-Max,443.0,0.1,8,76,443.0,483.0
O27_N4P7_D1000_W10,official27_common.json,4.7,1000,10,2498,27,results/O27_N4P7_D1000_W10.txt,3,11,WCL,574.0,4.4,8,78,479.0,641.0
O27_N4P7_D1000_W10,official27_common.json,4.7,1000,10,2498,27,results/O27_N4P7_D1000_W10.txt,3,11,ABS,583.0,4.1,8,78,535.0,617.0
O27_N4P7_D1000_W10,official27_common.json,4.7,1000,10,2498,27,results/O27_N4P7_D1000_W10.txt,3,11,DIFF,1162.0,5.2,8,78,963.0,1520.0
O27_N4P7_D1000_W10,official27_common.json,4.7,1000,10,2498,27,results/O27_N4P7_D1000_W10.txt,3,11,Min-Max,465.0,5.0,8,78,437.0,518.0
O27_N4P7_D1000_W10,official27_common.json,4.7,1000,10,2498,27,results/O27_N4P7_D1000_W10.txt,6,22,WCL,595.0,8.2,8,80,568.0,631.0
O27_N4P7_D1000_W10,official27_common.json,4.7,1000,10,2498,27,results/O27_N4P7_D1000_W10.txt,6,22,ABS,586.0,4.6,8,80,541.0,677.0
O27_N4P7_D1000_W10,official27_common.json,4.7,1000,10,2498,27,results/O27_N4P7_D1000_W10.txt,6,22,DIFF,1200.0,8.7,8,80,962.0,1602.0
O27_N4P7_D1000_W10,official27_common.json,4.7,1000,10,2498,27,results/O27_N4P7_D1000_W10.txt,6,22,Min-Max,461.0,4.1,8,80,447.0,512.0
O27_N4P7_D1000_W10,official27_common.json,4.7,1000,10,2498,27,results/O27_N4P7_D1000_W10.txt,13,48,WCL,658.0,19.5,8,82,534.0,856.0
O27_N4P7_D1000_W10,official27_common.json,4.7,1000,10,2498,27,results/O27_N4P7_D1000_W10.txt,13,48,ABS,593.0,5.9,8,82,566.0,758.0
O27_N4P7_D1000_W10,official27_common.json,4.7,1000,10,2498,27,results/O27_N4P7_D1000_W10.txt,13,48,DIFF,1309.0,18.6,8,82,938.0,1725.0
O27_N4P7_D1000_W10,official27_common.json,4.7,1000,10,2498,27,results/O27_N4P7_D1000_W10.txt,13,48,Min-Max,499.0,12.8,8,82,463.0,564.0
O27_N4P7_D1000_W10,official27_common.json,4.7,1000,10,2498,27,results/O27_N4P7_D1000_W10.txt,20,74,WCL,757.0,37.6,8,84,572.0,851.0
O27_N4P7_D1000_W10,official27_common.json,4.7,1000,10,2498,27,results/O27_N4P7_D1000_W10.txt,20,74,ABS,718.0,28.2,8,84,586.0,835.0
O27_N4P7_D1000_W10,official27_common.json,4.7,1000,10,2498,27,results/O27_N4P7_D1000_W10.txt,20,74,DIFF,1445.0,30.9,8,84,1316.0,2173.0
O27_N4P7_D1000_W10,official27_common.json,4.7,1000,10,2498,27,results/O27_N4P7_D1000_W10.txt,20,74,Min-Max,558.0,26.0,8,84,490.0,713.0
O27_N4P7_D1000_W10,official27_common.json,4.7,1000,10,2498,27,results/O27_N4P7_D1000_W10.txt,27,100,WCL,834.0,51.7,8,86,729.0,874.0
O27_N4P7_D1000_W10,official27_common.json,4.7,1000,10,2498,27,results/O27_N4P7_D1000_W10.txt,27,100,ABS,813.0,45.2,8,86,757.0,925.0
O27_N4P7_D1000_W10,official27_common.json,4.7,1000,10,2498,27,results/O27_N4P7_D1000_W10.txt,27,100,DIFF,1709.0,54.8,8,86,1258.0,1961.0
O27_N4P7_D1000_W10,official27_common.json,4.7,1000,10,2498,27,results/O27_N4P7_D1000_W10.txt,27,100,Min-Max,644.0,45.5,8,86,595.0,719.0
O27_N4P7_D5000_W10,official27_common.json,4.7,5000,10,2498,27,results/O27_N4P7_D5000_W10.txt,1,4,WCL,555.0,0.9,8,76,550.0,581.0
O27_N4P7_D5000_W10,official27_common.json,4.7,5000,10,2498,27,results/O27_N4P7_D5000_W10.txt,1,4,ABS,560.0,0.0,8,76,556.0,570.0
O27_N4P7_D5000_W10,official27_common.json,4.7,5000,10,2498,27,results/O27_N4P7_D5000_W10.txt,1,4,DIFF,1076.0,-2.5,8,76,840.0,1160.0
O27_N4P7_D5000_W10,official27_common.json,4.7,5000,10,2498,27,results/O27_N4P7_D5000_W10.txt,1,4,Min-Max,446.0,0.8,8,76,442.0,513.0
O27_N4P7_D5000_W10,official27_common.json,4.7,5000,10,2498,27,results/O27_N4P7_D5000_W10.txt,3,11,WCL,595.0,8.2,8,78,561.0,670.0
O27_N4P7_D5000_W10,official27_common.json,4.7,5000,10,2498,27,results/O27_N4P7_D5000_W10.txt,3,11,ABS,591.0,5.4,8,78,557.0,617.0
O27_N4P7_D5000_W10,official27_common.json,4.7,5000,10,2498,27,results/O27_N4P7_D5000_W10.txt,3,11,DIFF,991.0,-10.3,8,78,836.0,1212.0
O27_N4P7_D5000_W10,official27_common.json,4.7,5000,10,2498,27,results/O27_N4P7_D5000_W10.txt,3,11,Min-Max,519.0,17.3,8,78,452.0,608.0
O27_N4P7_D5000_W10,official27_common.json,4.7,5000,10,2498,27,results/O27_N4P7_D5000_W10.txt,6,22,WCL,602.0,9.5,8,80,590.0,639.0
O27_N4P7_D5000_W10,official27_common.json,4.7,5000,10,2498,27,results/O27_N4P7_D5000_W10.txt,6,22,ABS,607.0,8.4,8,80,545.0,738.0
O27_N4P7_D5000_W10,official27_common.json,4.7,5000,10,2498,27,results/O27_N4P7_D5000_W10.txt,6,22,DIFF,928.0,-15.9,8,80,743.0,1069.0
O27_N4P7_D5000_W10,official27_common.json,4.7,5000,10,2498,27,results/O27_N4P7_D5000_W10.txt,6,22,Min-Max,565.0,27.6,8,80,492.0,659.0
O27_N4P7_D5000_W10,official27_common.json,4.7,5000,10,2498,27,results/O27_N4P7_D5000_W10.txt,13,48,WCL,808.0,46.9,8,82,600.0,947.0
O27_N4P7_D5000_W10,official27_common.json,4.7,5000,10,2498,27,results/O27_N4P7_D5000_W10.txt,13,48,ABS,663.0,18.3,8,82,629.0,880.0
O27_N4P7_D5000_W10,official27_common.json,4.7,5000,10,2498,27,results/O27_N4P7_D5000_W10.txt,13,48,DIFF,966.0,-12.5,8,82,873.0,1061.0
O27_N4P7_D5000_W10,official27_common.json,4.7,5000,10,2498,27,results/O27_N4P7_D5000_W10.txt,13,48,Min-Max,702.0,58.6,8,82,547.0,867.0
O27_N4P7_D5000_W10,official27_common.json,4.7,5000,10,2498,27,results/O27_N4P7_D5000_W10.txt,20,74,WCL,1611.0,192.8,8,84,804.0,2436.0
O27_N4P7_D5000_W10,official27_common.json,4.7,5000,10,2498,27,results/O27_N4P7_D5000_W10.txt,20,74,ABS,988.0,76.4,8,84,827.0,1392.0
O27_N4P7_D5000_W10,official27_common.json,4.7,5000,10,2498,27,results/O27_N4P7_D5000_W10.txt,20,74,DIFF,1190.0,7.8,8,84,1057.0,1663.0
O27_N4P7_D5000_W10,official27_common.json,4.7,5000,10,2498,27,results/O27_N4P7_D5000_W10.txt,20,74,Min-Max,1038.0,134.5,8,84,784.0,1372.0
O27_N4P7_D5000_W10,official27_common.json,4.7,5000,10,2498,27,results/O27_N4P7_D5000_W10.txt,27,100,WCL,3015.0,448.1,8,86,2543.0,3347.0
O27_N4P7_D5000_W10,official27_common.json,4.7,5000,10,2498,27,results/O27_N4P7_D5000_W10.txt,27,100,ABS,1538.0,174.5,8,86,1370.0,1763.0
O27_N4P7_D5000_W10,official27_common.json,4.7,5000,10,2498,27,results/O27_N4P7_D5000_W10.txt,27,100,DIFF,1927.0,74.5,8,86,1575.0,1988.0
O27_N4P7_D5000_W10,official27_common.json,4.7,5000,10,2498,27,results/O27_N4P7_D5000_W10.txt,27,100,Min-Max,1980.0,347.3,8,86,1371.0,2443.0
O32M71_N4P7_D10000_W10,official32_minus71.json,4.7,10000,10,2498,32,results/O32M71_N4P7_D10000_W10.txt,1,3,WCL,597.0,0.5,8,76,594.0,623.0
O32M71_N4P7_D10000_W10,official32_minus71.json,4.7,10000,10,2498,32,results/O32M71_N4P7_D10000_W10.txt,1,3,ABS,555.0,-0.1,8,76,548.0,573.0
O32M71_N4P7_D10000_W10,official32_minus71.json,4.7,10000,10,2498,32,results/O32M71_N4P7_D10000_W10.txt,1,3,DIFF,1046.0,-3.4,8,76,844.0,1082.0
O32M71_N4P7_D10000_W10,official32_minus71.json,4.7,10000,10,2498,32,results/O32M71_N4P7_D10000_W10.txt,1,3,Min-Max,508.0,6.1,8,76,479.0,548.0
O32M71_N4P7_D10000_W10,official32_minus71.json,4.7,10000,10,2498,32,results/O32M71_N4P7_D10000_W10.txt,4,12,WCL,628.0,5.8,8,78,603.0,650.0
O32M71_N4P7_D10000_W10,official32_minus71.json,4.7,10000,10,2498,32,results/O32M71_N4P7_D10000_W10.txt,4,12,ABS,585.0,5.2,8,78,553.0,619.0
O32M71_N4P7_D10000_W10,official32_minus71.json,4.7,10000,10,2498,32,results/O32M71_N4P7_D10000_W10.txt,4,12,DIFF,979.0,-9.6,8,78,794.0,1133.0
O32M71_N4P7_D10000_W10,official32_minus71.json,4.7,10000,10,2498,32,results/O32M71_N4P7_D10000_W10.txt,4,12,Min-Max,534.0,11.5,8,78,498.0,576.0
O32M71_N4P7_D10000_W10,official32_minus71.json,4.7,10000,10,2498,32,results/O32M71_N4P7_D10000_W10.txt,8,25,WCL,638.0,7.4,8,80,573.0,903.0
O32M71_N4P7_D10000_W10,official32_minus71.json,4.7,10000,10,2498,32,results/O32M71_N4P7_D10000_W10.txt,8,25,ABS,583.0,5.0,8,80,570.0,758.0
O32M71_N4P7_D10000_W10,official32_minus71.json,4.7,10000,10,2498,32,results/O32M71_N4P7_D10000_W10.txt,8,25,DIFF,792.0,-26.9,8,80,714.0,1148.0
O32M71_N4P7_D10000_W10,official32_minus71.json,4.7,10000,10,2498,32,results/O32M71_N4P7_D10000_W10.txt,8,25,Min-Max,623.0,30.1,8,80,520.0,995.0
O32M71_N4P7_D10000_W10,official32_minus71.json,4.7,10000,10,2498,32,results/O32M71_N4P7_D10000_W10.txt,16,50,WCL,924.0,55.6,8,82,630.0,1336.0
O32M71_N4P7_D10000_W10,official32_minus71.json,4.7,10000,10,2498,32,results/O32M71_N4P7_D10000_W10.txt,16,50,ABS,761.0,37.0,8,82,638.0,1061.0
O32M71_N4P7_D10000_W10,official32_minus71.json,4.7,10000,10,2498,32,results/O32M71_N4P7_D10000_W10.txt,16,50,DIFF,984.0,-9.2,8,82,791.0,1282.0
O32M71_N4P7_D10000_W10,official32_minus71.json,4.7,10000,10,2498,32,results/O32M71_N4P7_D10000_W10.txt,16,50,Min-Max,941.0,96.6,8,82,858.0,1138.0
O32M71_N4P7_D10000_W10,official32_minus71.json,4.7,10000,10,2498,32,results/O32M71_N4P7_D10000_W10.txt,24,75,WCL,2401.0,304.4,8,84,987.0,5463.0
O32M71_N4P7_D10000_W10,official32_minus71.json,4.7,10000,10,2498,32,results/O32M71_N4P7_D10000_W10.txt,24,75,ABS,1420.0,155.6,8,84,867.0,2766.0
O32M71_N4P7_D10000_W10,official32_minus71.json,4.7,10000,10,2498,32,results/O32M71_N4P7_D10000_W10.txt,24,75,DIFF,1774.0,63.8,8,84,969.0,3423.0
O32M71_N4P7_D10000_W10,official32_minus71.json,4.7,10000,10,2498,32,results/O32M71_N4P7_D10000_W10.txt,24,75,Min-Max,1765.0,268.6,8,84,1117.0,3249.0
O32M71_N4P7_D10000_W10,official32_minus71.json,4.7,10000,10,2498,32,results/O32M71_N4P7_D10000_W10.txt,32,100,WCL,5910.0,895.3,8,86,5263.0,6064.0
O32M71_N4P7_D10000_W10,official32_minus71.json,4.7,10000,10,2498,32,results/O32M71_N4P7_D10000_W10.txt,32,100,ABS,2775.0,399.4,8,86,2375.0,3076.0
O32M71_N4P7_D10000_W10,official32_minus71.json,4.7,10000,10,2498,32,results/O32M71_N4P7_D10000_W10.txt,32,100,DIFF,3122.0,188.3,8,86,2761.0,3328.0
O32M71_N4P7_D10000_W10,official32_minus71.json,4.7,10000,10,2498,32,results/O32M71_N4P7_D10000_W10.txt,32,100,Min-Max,3264.0,581.5,8,86,2689.0,3714.0
O32M71_N4P7_D1000_W10,official32_minus71.json,4.7,1000,10,2498,32,results/O32M71_N4P7_D1000_W10.txt,1,3,WCL,595.0,0.2,8,76,592.0,627.0
O32M71_N4P7_D1000_W10,official32_minus71.json,4.7,1000,10,2498,32,results/O32M71_N4P7_D1000_W10.txt,1,3,ABS,556.0,0.0,8,76,545.0,586.0
O32M71_N4P7_D1000_W10,official32_minus71.json,4.7,1000,10,2498,32,results/O32M71_N4P7_D1000_W10.txt,1,3,DIFF,1081.0,-0.2,8,76,943.0,1104.0
O32M71_N4P7_D1000_W10,official32_minus71.json,4.7,1000,10,2498,32,results/O32M71_N4P7_D1000_W10.txt,1,3,Min-Max,481.0,0.4,8,76,477.0,490.0
O32M71_N4P7_D1000_W10,official32_minus71.json,4.7,1000,10,2498,32,results/O32M71_N4P7_D1000_W10.txt,4,12,WCL,613.0,3.3,8,78,561.0,646.0
O32M71_N4P7_D1000_W10,official32_minus71.json,4.7,1000,10,2498,32,results/O32M71_N4P7_D1000_W10.txt,4,12,ABS,570.0,2.6,8,78,552.0,608.0
O32M71_N4P7_D1000_W10,official32_minus71.json,4.7,1000,10,2498,32,results/O32M71_N4P7_D1000_W10.txt,4,12,DIFF,1147.0,5.9,8,78,1060.0,1183.0
O32M71_N4P7_D1000_W10,official32_minus71.json,4.7,1000,10,2498,32,results/O32M71_N4P7_D1000_W10.txt,4,12,Min-Max,486.0,1.5,8,78,470.0,502.0
O32M71_N4P7_D1000_W10,official32_minus71.json,4.7,1000,10,2498,32,results/O32M71_N4P7_D1000_W10.txt,8,25,WCL,638.0,7.4,8,80,599.0,812.0
O32M71_N4P7_D1000_W10,official32_minus71.json,4.7,1000,10,2498,32,results/O32M71_N4P7_D1000_W10.txt,8,25,ABS,598.0,7.7,8,80,555.0,754.0
O32M71_N4P7_D1000_W10,official32_minus71.json,4.7,1000,10,2498,32,results/O32M71_N4P7_D1000_W10.txt,8,25,DIFF,1099.0,1.5,8,80,1008.0,1432.0
O32M71_N4P7_D1000_W10,official32_minus71.json,4.7,1000,10,2498,32,results/O32M71_N4P7_D1000_W10.txt,8,25,Min-Max,520.0,8.5,8,80,471.0,651.0
O32M71_N4P7_D1000_W10,official32_minus71.json,4.7,1000,10,2498,32,results/O32M71_N4P7_D1000_W10.txt,16,50,WCL,765.0,28.8,8,82,601.0,884.0
O32M71_N4P7_D1000_W10,official32_minus71.json,4.7,1000,10,2498,32,results/O32M71_N4P7_D1000_W10.txt,16,50,ABS,677.0,21.8,8,82,568.0,776.0
O32M71_N4P7_D1000_W10,official32_minus71.json,4.7,1000,10,2498,32,results/O32M71_N4P7_D1000_W10.txt,16,50,DIFF,1373.0,26.9,8,82,1006.0,1750.0
O32M71_N4P7_D1000_W10,official32_minus71.json,4.7,1000,10,2498,32,results/O32M71_N4P7_D1000_W10.txt,16,50,Min-Max,551.0,15.0,8,82,495.0,618.0
O32M71_N4P7_D1000_W10,official32_minus71.json,4.7,1000,10,2498,32,results/O32M71_N4P7_D1000_W10.txt,24,75,WCL,818.0,37.7,8,84,648.0,985.0
O32M71_N4P7_D1000_W10,official32_minus71.json,4.7,1000,10,2498,32,results/O32M71_N4P7_D1000_W10.txt,24,75,ABS,733.0,32.0,8,84,718.0,944.0
O32M71_N4P7_D1000_W10,official32_minus71.json,4.7,1000,10,2498,32,results/O32M71_N4P7_D1000_W10.txt,24,75,DIFF,1578.0,45.7,8,84,1102.0,1701.0
O32M71_N4P7_D1000_W10,official32_minus71.json,4.7,1000,10,2498,32,results/O32M71_N4P7_D1000_W10.txt,24,75,Min-Max,617.0,28.8,8,84,568.0,770.0
O32M71_N4P7_D1000_W10,official32_minus71.json,4.7,1000,10,2498,32,results/O32M71_N4P7_D1000_W10.txt,32,100,WCL,852.0,43.5,8,86,693.0,920.0
O32M71_N4P7_D1000_W10,official32_minus71.json,4.7,1000,10,2498,32,results/O32M71_N4P7_D1000_W10.txt,32,100,ABS,748.0,34.6,8,86,696.0,890.0
O32M71_N4P7_D1000_W10,official32_minus71.json,4.7,1000,10,2498,32,results/O32M71_N4P7_D1000_W10.txt,32,100,DIFF,1515.0,39.9,8,86,1251.0,1971.0
O32M71_N4P7_D1000_W10,official32_minus71.json,4.7,1000,10,2498,32,results/O32M71_N4P7_D1000_W10.txt,32,100,Min-Max,662.0,38.3,8,86,564.0,736.0
O32M71_N4P7_D5000_W10,official32_minus71.json,4.7,5000,10,2498,32,results/O32M71_N4P7_D5000_W10.txt,1,3,WCL,597.0,0.5,8,76,594.0,624.0
O32M71_N4P7_D5000_W10,official32_minus71.json,4.7,5000,10,2498,32,results/O32M71_N4P7_D5000_W10.txt,1,3,ABS,555.0,-0.1,8,76,546.0,573.0
O32M71_N4P7_D5000_W10,official32_minus71.json,4.7,5000,10,2498,32,results/O32M71_N4P7_D5000_W10.txt,1,3,DIFF,1061.0,-2.0,8,76,823.0,1085.0
O32M71_N4P7_D5000_W10,official32_minus71.json,4.7,5000,10,2498,32,results/O32M71_N4P7_D5000_W10.txt,1,3,Min-Max,489.0,2.1,8,76,479.0,540.0
O32M71_N4P7_D5000_W10,official32_minus71.json,4.7,5000,10,2498,32,results/O32M71_N4P7_D5000_W10.txt,4,12,WCL,628.0,5.7,8,78,605.0,650.0
O32M71_N4P7_D5000_W10,official32_minus71.json,4.7,5000,10,2498,32,results/O32M71_N4P7_D5000_W10.txt,4,12,ABS,581.0,4.6,8,78,549.0,615.0
O32M71_N4P7_D5000_W10,official32_minus71.json,4.7,5000,10,2498,32,results/O32M71_N4P7_D5000_W10.txt,4,12,DIFF,1022.0,-5.6,8,78,869.0,1179.0
O32M71_N4P7_D5000_W10,official32_minus71.json,4.7,5000,10,2498,32,results/O32M71_N4P7_D5000_W10.txt,4,12,Min-Max,514.0,7.2,8,78,492.0,546.0
O32M71_N4P7_D5000_W10,official32_minus71.json,4.7,5000,10,2498,32,results/O32M71_N4P7_D5000_W10.txt,8,25,WCL,637.0,7.3,8,80,573.0,906.0
O32M71_N4P7_D5000_W10,official32_minus71.json,4.7,5000,10,2498,32,results/O32M71_N4P7_D5000_W10.txt,8,25,ABS,576.0,3.7,8,80,554.0,760.0
O32M71_N4P7_D5000_W10,official32_minus71.json,4.7,5000,10,2498,32,results/O32M71_N4P7_D5000_W10.txt,8,25,DIFF,845.0,-22.0,8,80,729.0,1186.0
O32M71_N4P7_D5000_W10,official32_minus71.json,4.7,5000,10,2498,32,results/O32M71_N4P7_D5000_W10.txt,8,25,Min-Max,558.0,16.4,8,80,508.0,903.0
O32M71_N4P7_D5000_W10,official32_minus71.json,4.7,5000,10,2498,32,results/O32M71_N4P7_D5000_W10.txt,16,50,WCL,904.0,52.2,8,82,634.0,1252.0
O32M71_N4P7_D5000_W10,official32_minus71.json,4.7,5000,10,2498,32,results/O32M71_N4P7_D5000_W10.txt,16,50,ABS,719.0,29.4,8,82,660.0,883.0
O32M71_N4P7_D5000_W10,official32_minus71.json,4.7,5000,10,2498,32,results/O32M71_N4P7_D5000_W10.txt,16,50,DIFF,981.0,-9.3,8,82,838.0,1253.0
O32M71_N4P7_D5000_W10,official32_minus71.json,4.7,5000,10,2498,32,results/O32M71_N4P7_D5000_W10.txt,16,50,Min-Max,775.0,61.8,8,82,677.0,943.0
O32M71_N4P7_D5000_W10,official32_minus71.json,4.7,5000,10,2498,32,results/O32M71_N4P7_D5000_W10.txt,24,75,WCL,1714.0,188.7,8,84,972.0,3205.0
O32M71_N4P7_D5000_W10,official32_minus71.json,4.7,5000,10,2498,32,results/O32M71_N4P7_D5000_W10.txt,24,75,ABS,1031.0,85.6,8,84,758.0,1488.0
O32M71_N4P7_D5000_W10,official32_minus71.json,4.7,5000,10,2498,32,results/O32M71_N4P7_D5000_W10.txt,24,75,DIFF,1372.0,26.7,8,84,896.0,1774.0
O32M71_N4P7_D5000_W10,official32_minus71.json,4.7,5000,10,2498,32,results/O32M71_N4P7_D5000_W10.txt,24,75,Min-Max,1168.0,144.0,8,84,846.0,2048.0
O32M71_N4P7_D5000_W10,official32_minus71.json,4.7,5000,10,2498,32,results/O32M71_N4P7_D5000_W10.txt,32,100,WCL,2866.0,382.7,8,86,2492.0,3108.0
O32M71_N4P7_D5000_W10,official32_minus71.json,4.7,5000,10,2498,32,results/O32M71_N4P7_D5000_W10.txt,32,100,ABS,1471.0,164.8,8,86,1279.0,1653.0
O32M71_N4P7_D5000_W10,official32_minus71.json,4.7,5000,10,2498,32,results/O32M71_N4P7_D5000_W10.txt,32,100,DIFF,1781.0,64.5,8,86,1551.0,2009.0
O32M71_N4P7_D5000_W10,official32_minus71.json,4.7,5000,10,2498,32,results/O32M71_N4P7_D5000_W10.txt,32,100,Min-Max,1663.0,247.3,8,86,1492.0,2017.0
O32M71_N4P7_D5000_W5,official32_minus71.json,4.7,5000,5,2498,32,results/O32M71_N4P7_D5000_W5.txt,1,3,WCL,609.0,1.4,8,76,601.0,637.0
O32M71_N4P7_D5000_W5,official32_minus71.json,4.7,5000,5,2498,32,results/O32M71_N4P7_D5000_W5.txt,1,3,ABS,564.0,0.2,8,76,555.0,585.0
O32M71_N4P7_D5000_W5,official32_minus71.json,4.7,5000,5,2498,32,results/O32M71_N4P7_D5000_W5.txt,1,3,DIFF,1136.0,-2.1,8,76,900.0,1170.0
O32M71_N4P7_D5000_W5,official32_minus71.json,4.7,5000,5,2498,32,results/O32M71_N4P7_D5000_W5.txt,1,3,Min-Max,485.0,2.9,8,76,471.0,521.0
O32M71_N4P7_D5000_W5,official32_minus71.json,4.7,5000,5,2498,32,results/O32M71_N4P7_D5000_W5.txt,4,12,WCL,626.0,4.1,8,78,614.0,648.0
O32M71_N4P7_D5000_W5,official32_minus71.json,4.7,5000,5,2498,32,results/O32M71_N4P7_D5000_W5.txt,4,12,ABS,587.0,4.3,8,78,558.0,620.0
O32M71_N4P7_D5000_W5,official32_minus71.json,4.7,5000,5,2498,32,results/O32M71_N4P7_D5000_W5.txt,4,12,DIFF,1130.0,-2.6,8,78,947.0,1266.0
O32M71_N4P7_D5000_W5,official32_minus71.json,4.7,5000,5,2498,32,results/O32M71_N4P7_D5000_W5.txt,4,12,Min-Max,498.0,5.8,8,78,481.0,557.0
O32M71_N4P7_D5000_W5,official32_minus71.json,4.7,5000,5,2498,32,results/O32M71_N4P7_D5000_W5.txt,8,25,WCL,651.0,8.3,8,80,582.0,909.0
O32M71_N4P7_D5000_W5,official32_minus71.json,4.7,5000,5,2498,32,results/O32M71_N4P7_D5000_W5.txt,8,25,ABS,590.0,4.9,8,80,572.0,768.0
O32M71_N4P7_D5000_W5,official32_minus71.json,4.7,5000,5,2498,32,results/O32M71_N4P7_D5000_W5.txt,8,25,DIFF,936.0,-19.3,8,80,768.0,1239.0
O32M71_N4P7_D5000_W5,official32_minus71.json,4.7,5000,5,2498,32,results/O32M71_N4P7_D5000_W5.txt,8,25,Min-Max,548.0,16.3,8,80,492.0,910.0
O32M71_N4P7_D5000_W5,official32_minus71.json,4.7,5000,5,2498,32,results/O32M71_N4P7_D5000_W5.txt,16,50,WCL,912.0,51.7,8,82,654.0,1267.0
O32M71_N4P7_D5000_W5,official32_minus71.json,4.7,5000,5,2498,32,results/O32M71_N4P7_D5000_W5.txt,16,50,ABS,718.0,27.6,8,82,686.0,887.0
O32M71_N4P7_D5000_W5,official32_minus71.json,4.7,5000,5,2498,32,results/O32M71_N4P7_D5000_W5.txt,16,50,DIFF,1027.0,-11.5,8,82,863.0,1310.0
O32M71_N4P7_D5000_W5,official32_minus71.json,4.7,5000,5,2498,32,results/O32M71_N4P7_D5000_W5.txt,16,50,Min-Max,803.0,70.6,8,82,678.0,974.0
O32M71_N4P7_D5000_W5,official32_minus71.json,4.7,5000,5,2498,32,results/O32M71_N4P7_D5000_W5.txt,24,75,WCL,1798.0,199.1,8,84,961.0,3293.0
O32M71_N4P7_D5000_W5,official32_minus71.json,4.7,5000,5,2498,32,results/O32M71_N4P7_D5000_W5.txt,24,75,ABS,1070.0,90.2,8,84,766.0,1541.0
O32M71_N4P7_D5000_W5,official32_minus71.json,4.7,5000,5,2498,32,results/O32M71_N4P7_D5000_W5.txt,24,75,DIFF,1459.0,25.8,8,84,921.0,1857.0
O32M71_N4P7_D5000_W5,official32_minus71.json,4.7,5000,5,2498,32,results/O32M71_N4P7_D5000_W5.txt,24,75,Min-Max,1233.0,161.8,8,84,815.0,2146.0
O32M71_N4P7_D5000_W5,official32_minus71.json,4.7,5000,5,2498,32,results/O32M71_N4P7_D5000_W5.txt,32,100,WCL,2912.0,384.3,8,86,2571.0,3224.0
O32M71_N4P7_D5000_W5,official32_minus71.json,4.7,5000,5,2498,32,results/O32M71_N4P7_D5000_W5.txt,32,100,ABS,1504.0,167.3,8,86,1341.0,1703.0
O32M71_N4P7_D5000_W5,official32_minus71.json,4.7,5000,5,2498,32,results/O32M71_N4P7_D5000_W5.txt,32,100,DIFF,1908.0,64.5,8,86,1608.0,2095.0
O32M71_N4P7_D5000_W5,official32_minus71.json,4.7,5000,5,2498,32,results/O32M71_N4P7_D5000_W5.txt,32,100,Min-Max,1756.0,273.0,8,86,1550.0,2048.0
O33PUBLISHED_N4P7_D10000_W10,official33_published.json,4.7,10000,10,2495,33,results/O33PUBLISHED_N4P7_D10000_W10.txt,1,3,WCL,590.0,0.8,8,76,585.0,620.0
O33PUBLISHED_N4P7_D10000_W10,official33_published.json,4.7,10000,10,2495,33,results/O33PUBLISHED_N4P7_D10000_W10.txt,1,3,ABS,528.0,0.0,8,76,514.0,551.0
O33PUBLISHED_N4P7_D10000_W10,official33_published.json,4.7,10000,10,2495,33,results/O33PUBLISHED_N4P7_D10000_W10.txt,1,3,DIFF,957.0,-5.4,8,76,811.0,1013.0
O33PUBLISHED_N4P7_D10000_W10,official33_published.json,4.7,10000,10,2495,33,results/O33PUBLISHED_N4P7_D10000_W10.txt,1,3,Min-Max,492.0,5.2,8,76,468.0,543.0
O33PUBLISHED_N4P7_D10000_W10,official33_published.json,4.7,10000,10,2495,33,results/O33PUBLISHED_N4P7_D10000_W10.txt,4,12,WCL,626.0,7.1,8,78,593.0,648.0
O33PUBLISHED_N4P7_D10000_W10,official33_published.json,4.7,10000,10,2495,33,results/O33PUBLISHED_N4P7_D10000_W10.txt,4,12,ABS,550.0,4.2,8,78,521.0,600.0
O33PUBLISHED_N4P7_D10000_W10,official33_published.json,4.7,10000,10,2495,33,results/O33PUBLISHED_N4P7_D10000_W10.txt,4,12,DIFF,909.0,-10.1,8,78,772.0,1090.0
O33PUBLISHED_N4P7_D10000_W10,official33_published.json,4.7,10000,10,2495,33,results/O33PUBLISHED_N4P7_D10000_W10.txt,4,12,Min-Max,505.0,8.1,8,78,477.0,567.0
O33PUBLISHED_N4P7_D10000_W10,official33_published.json,4.7,10000,10,2495,33,results/O33PUBLISHED_N4P7_D10000_W10.txt,8,24,WCL,631.0,7.9,8,80,579.0,1083.0
O33PUBLISHED_N4P7_D10000_W10,official33_published.json,4.7,10000,10,2495,33,results/O33PUBLISHED_N4P7_D10000_W10.txt,8,24,ABS,572.0,8.4,8,80,528.0,831.0
O33PUBLISHED_N4P7_D10000_W10,official33_published.json,4.7,10000,10,2495,33,results/O33PUBLISHED_N4P7_D10000_W10.txt,8,24,DIFF,800.0,-20.9,8,80,728.0,1309.0
O33PUBLISHED_N4P7_D10000_W10,official33_published.json,4.7,10000,10,2495,33,results/O33PUBLISHED_N4P7_D10000_W10.txt,8,24,Min-Max,569.0,21.8,8,80,511.0,937.0
O33PUBLISHED_N4P7_D10000_W10,official33_published.json,4.7,10000,10,2495,33,results/O33PUBLISHED_N4P7_D10000_W10.txt,16,48,WCL,786.0,34.4,8,82,651.0,991.0
O33PUBLISHED_N4P7_D10000_W10,official33_published.json,4.7,10000,10,2495,33,results/O33PUBLISHED_N4P7_D10000_W10.txt,16,48,ABS,745.0,41.1,8,82,600.0,911.0
O33PUBLISHED_N4P7_D10000_W10,official33_published.json,4.7,10000,10,2495,33,results/O33PUBLISHED_N4P7_D10000_W10.txt,16,48,DIFF,950.0,-6.1,8,82,682.0,1239.0
O33PUBLISHED_N4P7_D10000_W10,official33_published.json,4.7,10000,10,2495,33,results/O33PUBLISHED_N4P7_D10000_W10.txt,16,48,Min-Max,867.0,85.4,8,82,607.0,1146.0
O33PUBLISHED_N4P7_D10000_W10,official33_published.json,4.7,10000,10,2495,33,results/O33PUBLISHED_N4P7_D10000_W10.txt,24,73,WCL,1863.0,218.6,8,84,857.0,4318.0
O33PUBLISHED_N4P7_D10000_W10,official33_published.json,4.7,10000,10,2495,33,results/O33PUBLISHED_N4P7_D10000_W10.txt,24,73,ABS,1268.0,140.3,8,84,865.0,2330.0
O33PUBLISHED_N4P7_D10000_W10,official33_published.json,4.7,10000,10,2495,33,results/O33PUBLISHED_N4P7_D10000_W10.txt,24,73,DIFF,1437.0,42.1,8,84,1058.0,2804.0
O33PUBLISHED_N4P7_D10000_W10,official33_published.json,4.7,10000,10,2495,33,results/O33PUBLISHED_N4P7_D10000_W10.txt,24,73,Min-Max,1604.0,243.0,8,84,976.0,2964.0
O33PUBLISHED_N4P7_D10000_W10,official33_published.json,4.7,10000,10,2495,33,results/O33PUBLISHED_N4P7_D10000_W10.txt,33,100,WCL,6022.0,929.8,8,86,5161.0,6879.0
O33PUBLISHED_N4P7_D10000_W10,official33_published.json,4.7,10000,10,2495,33,results/O33PUBLISHED_N4P7_D10000_W10.txt,33,100,ABS,2788.0,428.3,8,86,2415.0,3565.0
O33PUBLISHED_N4P7_D10000_W10,official33_published.json,4.7,10000,10,2495,33,results/O33PUBLISHED_N4P7_D10000_W10.txt,33,100,DIFF,3175.0,213.9,8,86,2686.0,3887.0
O33PUBLISHED_N4P7_D10000_W10,official33_published.json,4.7,10000,10,2495,33,results/O33PUBLISHED_N4P7_D10000_W10.txt,33,100,Min-Max,3508.0,650.3,8,86,2411.0,4660.0
O33PUBLISHED_N4P7_D5000_W10,official33_published.json,4.7,5000,10,2495,33,results/O33PUBLISHED_N4P7_D5000_W10.txt,1,3,WCL,589.0,0.8,8,76,585.0,620.0
O33PUBLISHED_N4P7_D5000_W10,official33_published.json,4.7,5000,10,2495,33,results/O33PUBLISHED_N4P7_D5000_W10.txt,1,3,ABS,528.0,-0.0,8,76,511.0,551.0
O33PUBLISHED_N4P7_D5000_W10,official33_published.json,4.7,5000,10,2495,33,results/O33PUBLISHED_N4P7_D5000_W10.txt,1,3,DIFF,970.0,-4.1,8,76,810.0,1011.0
O33PUBLISHED_N4P7_D5000_W10,official33_published.json,4.7,5000,10,2495,33,results/O33PUBLISHED_N4P7_D5000_W10.txt,1,3,Min-Max,477.0,2.0,8,76,468.0,529.0
O33PUBLISHED_N4P7_D5000_W10,official33_published.json,4.7,5000,10,2495,33,results/O33PUBLISHED_N4P7_D5000_W10.txt,4,12,WCL,623.0,6.5,8,78,591.0,648.0
O33PUBLISHED_N4P7_D5000_W10,official33_published.json,4.7,5000,10,2495,33,results/O33PUBLISHED_N4P7_D5000_W10.txt,4,12,ABS,546.0,3.5,8,78,526.0,593.0
O33PUBLISHED_N4P7_D5000_W10,official33_published.json,4.7,5000,10,2495,33,results/O33PUBLISHED_N4P7_D5000_W10.txt,4,12,DIFF,944.0,-6.6,8,78,775.0,1133.0
O33PUBLISHED_N4P7_D5000_W10,official33_published.json,4.7,5000,10,2495,33,results/O33PUBLISHED_N4P7_D5000_W10.txt,4,12,Min-Max,499.0,6.7,8,78,470.0,538.0
O33PUBLISHED_N4P7_D5000_W10,official33_published.json,4.7,5000,10,2495,33,results/O33PUBLISHED_N4P7_D5000_W10.txt,8,24,WCL,631.0,7.9,8,80,582.0,1019.0
O33PUBLISHED_N4P7_D5000_W10,official33_published.json,4.7,5000,10,2495,33,results/O33PUBLISHED_N4P7_D5000_W10.txt,8,24,ABS,545.0,3.2,8,80,519.0,763.0
O33PUBLISHED_N4P7_D5000_W10,official33_published.json,4.7,5000,10,2495,33,results/O33PUBLISHED_N4P7_D5000_W10.txt,8,24,DIFF,807.0,-20.3,8,80,708.0,1095.0
O33PUBLISHED_N4P7_D5000_W10,official33_published.json,4.7,5000,10,2495,33,results/O33PUBLISHED_N4P7_D5000_W10.txt,8,24,Min-Max,535.0,14.4,8,80,498.0,827.0
O33PUBLISHED_N4P7_D5000_W10,official33_published.json,4.7,5000,10,2495,33,results/O33PUBLISHED_N4P7_D5000_W10.txt,16,48,WCL,776.0,32.8,8,82,656.0,918.0
O33PUBLISHED_N4P7_D5000_W10,official33_published.json,4.7,5000,10,2495,33,results/O33PUBLISHED_N4P7_D5000_W10.txt,16,48,ABS,699.0,32.5,8,82,581.0,821.0
O33PUBLISHED_N4P7_D5000_W10,official33_published.json,4.7,5000,10,2495,33,results/O33PUBLISHED_N4P7_D5000_W10.txt,16,48,DIFF,942.0,-6.9,8,82,694.0,1166.0
O33PUBLISHED_N4P7_D5000_W10,official33_published.json,4.7,5000,10,2495,33,results/O33PUBLISHED_N4P7_D5000_W10.txt,16,48,Min-Max,735.0,57.2,8,82,565.0,855.0
O33PUBLISHED_N4P7_D5000_W10,official33_published.json,4.7,5000,10,2495,33,results/O33PUBLISHED_N4P7_D5000_W10.txt,24,73,WCL,1664.0,184.6,8,84,834.0,2798.0
O33PUBLISHED_N4P7_D5000_W10,official33_published.json,4.7,5000,10,2495,33,results/O33PUBLISHED_N4P7_D5000_W10.txt,24,73,ABS,1011.0,91.6,8,84,762.0,1260.0
O33PUBLISHED_N4P7_D5000_W10,official33_published.json,4.7,5000,10,2495,33,results/O33PUBLISHED_N4P7_D5000_W10.txt,24,73,DIFF,1259.0,24.5,8,84,970.0,1651.0
O33PUBLISHED_N4P7_D5000_W10,official33_published.json,4.7,5000,10,2495,33,results/O33PUBLISHED_N4P7_D5000_W10.txt,24,73,Min-Max,1178.0,151.9,8,84,806.0,1927.0
O33PUBLISHED_N4P7_D5000_W10,official33_published.json,4.7,5000,10,2495,33,results/O33PUBLISHED_N4P7_D5000_W10.txt,33,100,WCL,2924.0,400.1,8,86,2472.0,3527.0
O33PUBLISHED_N4P7_D5000_W10,official33_published.json,4.7,5000,10,2495,33,results/O33PUBLISHED_N4P7_D5000_W10.txt,33,100,ABS,1396.0,164.5,8,86,1209.0,1623.0
O33PUBLISHED_N4P7_D5000_W10,official33_published.json,4.7,5000,10,2495,33,results/O33PUBLISHED_N4P7_D5000_W10.txt,33,100,DIFF,1766.0,74.6,8,86,1614.0,1941.0
O33PUBLISHED_N4P7_D5000_W10,official33_published.json,4.7,5000,10,2495,33,results/O33PUBLISHED_N4P7_D5000_W10.txt,33,100,Min-Max,1920.0,310.6,8,86,1368.0,2361.0
O33R71_N4P7_D10000_W10,official33_repaired71.json,4.7,10000,10,2495,33,results/O33R71_N4P7_D10000_W10.txt,1,3,WCL,589.0,1.5,8,76,580.0,618.0
O33R71_N4P7_D10000_W10,official33_repaired71.json,4.7,10000,10,2495,33,results/O33R71_N4P7_D10000_W10.txt,1,3,ABS,527.0,-0.1,8,76,513.0,549.0
O33R71_N4P7_D10000_W10,official33_repaired71.json,4.7,10000,10,2495,33,results/O33R71_N4P7_D10000_W10.txt,1,3,DIFF,957.0,-5.5,8,76,811.0,1017.0
O33R71_N4P7_D10000_W10,official33_repaired71.json,4.7,10000,10,2495,33,results/O33R71_N4P7_D10000_W10.txt,1,3,Min-Max,492.0,5.6,8,76,466.0,543.0
O33R71_N4P7_D10000_W10,official33_repaired71.json,4.7,10000,10,2495,33,results/O33R71_N4P7_D10000_W10.txt,4,12,WCL,621.0,7.1,8,78,591.0,642.0
O33R71_N4P7_D10000_W10,official33_repaired71.json,4.7,10000,10,2495,33,results/O33R71_N4P7_D10000_W10.txt,4,12,ABS,549.0,4.0,8,78,520.0,598.0
O33R71_N4P7_D10000_W10,official33_repaired71.json,4.7,10000,10,2495,33,results/O33R71_N4P7_D10000_W10.txt,4,12,DIFF,909.0,-10.2,8,78,770.0,1090.0
O33R71_N4P7_D10000_W10,official33_repaired71.json,4.7,10000,10,2495,33,results/O33R71_N4P7_D10000_W10.txt,4,12,Min-Max,504.0,8.2,8,78,474.0,567.0
O33R71_N4P7_D10000_W10,official33_repaired71.json,4.7,10000,10,2495,33,results/O33R71_N4P7_D10000_W10.txt,8,24,WCL,627.0,8.1,8,80,577.0,1081.0
O33R71_N4P7_D10000_W10,official33_repaired71.json,4.7,10000,10,2495,33,results/O33R71_N4P7_D10000_W10.txt,8,24,ABS,571.0,8.2,8,80,526.0,829.0
O33R71_N4P7_D10000_W10,official33_repaired71.json,4.7,10000,10,2495,33,results/O33R71_N4P7_D10000_W10.txt,8,24,DIFF,799.0,-21.1,8,80,727.0,1308.0
O33R71_N4P7_D10000_W10,official33_repaired71.json,4.7,10000,10,2495,33,results/O33R71_N4P7_D10000_W10.txt,8,24,Min-Max,569.0,22.2,8,80,511.0,936.0
O33R71_N4P7_D10000_W10,official33_repaired71.json,4.7,10000,10,2495,33,results/O33R71_N4P7_D10000_W10.txt,16,48,WCL,784.0,35.3,8,82,651.0,978.0
O33R71_N4P7_D10000_W10,official33_repaired71.json,4.7,10000,10,2495,33,results/O33R71_N4P7_D10000_W10.txt,16,48,ABS,743.0,40.9,8,82,599.0,910.0
O33R71_N4P7_D10000_W10,official33_repaired71.json,4.7,10000,10,2495,33,results/O33R71_N4P7_D10000_W10.txt,16,48,DIFF,948.0,-6.4,8,82,682.0,1238.0
O33R71_N4P7_D10000_W10,official33_repaired71.json,4.7,10000,10,2495,33,results/O33R71_N4P7_D10000_W10.txt,16,48,Min-Max,862.0,85.1,8,82,607.0,1145.0
O33R71_N4P7_D10000_W10,official33_repaired71.json,4.7,10000,10,2495,33,results/O33R71_N4P7_D10000_W10.txt,24,73,WCL,1863.0,221.2,8,84,857.0,4316.0
O33R71_N4P7_D10000_W10,official33_repaired71.json,4.7,10000,10,2495,33,results/O33R71_N4P7_D10000_W10.txt,24,73,ABS,1268.0,140.4,8,84,865.0,2316.0
O33R71_N4P7_D10000_W10,official33_repaired71.json,4.7,10000,10,2495,33,results/O33R71_N4P7_D10000_W10.txt,24,73,DIFF,1438.0,42.1,8,84,1056.0,2804.0
O33R71_N4P7_D10000_W10,official33_repaired71.json,4.7,10000,10,2495,33,results/O33R71_N4P7_D10000_W10.txt,24,73,Min-Max,1603.0,244.1,8,84,975.0,2964.0
O33R71_N4P7_D10000_W10,official33_repaired71.json,4.7,10000,10,2495,33,results/O33R71_N4P7_D10000_W10.txt,33,100,WCL,6021.0,938.1,8,86,5162.0,6875.0
O33R71_N4P7_D10000_W10,official33_repaired71.json,4.7,10000,10,2495,33,results/O33R71_N4P7_D10000_W10.txt,33,100,ABS,2785.0,428.0,8,86,2409.0,3563.0
O33R71_N4P7_D10000_W10,official33_repaired71.json,4.7,10000,10,2495,33,results/O33R71_N4P7_D10000_W10.txt,33,100,DIFF,3175.0,213.5,8,86,2683.0,3882.0
O33R71_N4P7_D10000_W10,official33_repaired71.json,4.7,10000,10,2495,33,results/O33R71_N4P7_D10000_W10.txt,33,100,Min-Max,3508.0,653.2,8,86,2411.0,4654.0
O33R71_N4P7_D1000_W10,official33_repaired71.json,4.7,1000,10,2495,33,results/O33R71_N4P7_D1000_W10.txt,1,3,WCL,584.0,0.7,8,76,576.0,618.0
O33R71_N4P7_D1000_W10,official33_repaired71.json,4.7,1000,10,2495,33,results/O33R71_N4P7_D1000_W10.txt,1,3,ABS,527.0,-0.1,8,76,511.0,548.0
O33R71_N4P7_D1000_W10,official33_repaired71.json,4.7,1000,10,2495,33,results/O33R71_N4P7_D1000_W10.txt,1,3,DIFF,1011.0,-0.1,8,76,921.0,1037.0
O33R71_N4P7_D1000_W10,official33_repaired71.json,4.7,1000,10,2495,33,results/O33R71_N4P7_D1000_W10.txt,1,3,Min-Max,470.0,0.8,8,76,455.0,489.0
O33R71_N4P7_D1000_W10,official33_repaired71.json,4.7,1000,10,2495,33,results/O33R71_N4P7_D1000_W10.txt,4,12,WCL,601.0,3.6,8,78,581.0,640.0
O33R71_N4P7_D1000_W10,official33_repaired71.json,4.7,1000,10,2495,33,results/O33R71_N4P7_D1000_W10.txt,4,12,ABS,542.0,2.8,8,78,525.0,587.0
O33R71_N4P7_D1000_W10,official33_repaired71.json,4.7,1000,10,2495,33,results/O33R71_N4P7_D1000_W10.txt,4,12,DIFF,1043.0,3.0,8,78,1020.0,1170.0
O33R71_N4P7_D1000_W10,official33_repaired71.json,4.7,1000,10,2495,33,results/O33R71_N4P7_D1000_W10.txt,4,12,Min-Max,473.0,1.5,8,78,457.0,483.0
O33R71_N4P7_D1000_W10,official33_repaired71.json,4.7,1000,10,2495,33,results/O33R71_N4P7_D1000_W10.txt,8,24,WCL,616.0,6.2,8,80,514.0,691.0
O33R71_N4P7_D1000_W10,official33_repaired71.json,4.7,1000,10,2495,33,results/O33R71_N4P7_D1000_W10.txt,8,24,ABS,555.0,5.2,8,80,511.0,618.0
O33R71_N4P7_D1000_W10,official33_repaired71.json,4.7,1000,10,2495,33,results/O33R71_N4P7_D1000_W10.txt,8,24,DIFF,1037.0,2.4,8,80,969.0,1187.0
O33R71_N4P7_D1000_W10,official33_repaired71.json,4.7,1000,10,2495,33,results/O33R71_N4P7_D1000_W10.txt,8,24,Min-Max,497.0,6.7,8,80,434.0,596.0
O33R71_N4P7_D1000_W10,official33_repaired71.json,4.7,1000,10,2495,33,results/O33R71_N4P7_D1000_W10.txt,16,48,WCL,745.0,28.5,8,82,629.0,953.0
O33R71_N4P7_D1000_W10,official33_repaired71.json,4.7,1000,10,2495,33,results/O33R71_N4P7_D1000_W10.txt,16,48,ABS,613.0,16.3,8,82,567.0,665.0
O33R71_N4P7_D1000_W10,official33_repaired71.json,4.7,1000,10,2495,33,results/O33R71_N4P7_D1000_W10.txt,16,48,DIFF,1205.0,19.0,8,82,960.0,1584.0
O33R71_N4P7_D1000_W10,official33_repaired71.json,4.7,1000,10,2495,33,results/O33R71_N4P7_D1000_W10.txt,16,48,Min-Max,566.0,21.6,8,82,518.0,609.0
O33R71_N4P7_D1000_W10,official33_repaired71.json,4.7,1000,10,2495,33,results/O33R71_N4P7_D1000_W10.txt,24,73,WCL,802.0,38.3,8,84,607.0,1015.0
O33R71_N4P7_D1000_W10,official33_repaired71.json,4.7,1000,10,2495,33,results/O33R71_N4P7_D1000_W10.txt,24,73,ABS,724.0,37.2,8,84,621.0,928.0
O33R71_N4P7_D1000_W10,official33_repaired71.json,4.7,1000,10,2495,33,results/O33R71_N4P7_D1000_W10.txt,24,73,DIFF,1506.0,48.7,8,84,1164.0,2058.0
O33R71_N4P7_D1000_W10,official33_repaired71.json,4.7,1000,10,2495,33,results/O33R71_N4P7_D1000_W10.txt,24,73,Min-Max,598.0,28.4,8,84,557.0,802.0
O33R71_N4P7_D1000_W10,official33_repaired71.json,4.7,1000,10,2495,33,results/O33R71_N4P7_D1000_W10.txt,33,100,WCL,836.0,44.2,8,86,681.0,911.0
O33R71_N4P7_D1000_W10,official33_repaired71.json,4.7,1000,10,2495,33,results/O33R71_N4P7_D1000_W10.txt,33,100,ABS,777.0,47.3,8,86,640.0,891.0
O33R71_N4P7_D1000_W10,official33_repaired71.json,4.7,1000,10,2495,33,results/O33R71_N4P7_D1000_W10.txt,33,100,DIFF,1561.0,54.1,8,86,1194.0,1848.0
O33R71_N4P7_D1000_W10,official33_repaired71.json,4.7,1000,10,2495,33,results/O33R71_N4P7_D1000_W10.txt,33,100,Min-Max,619.0,33.0,8,86,592.0,808.0
O33R71_N4P7_D5000_W10,official33_repaired71.json,4.7,5000,10,2495,33,results/O33R71_N4P7_D5000_W10.txt,1,3,WCL,588.0,1.4,8,76,580.0,619.0
O33R71_N4P7_D5000_W10,official33_repaired71.json,4.7,5000,10,2495,33,results/O33R71_N4P7_D5000_W10.txt,1,3,ABS,527.0,-0.1,8,76,510.0,550.0
O33R71_N4P7_D5000_W10,official33_repaired71.json,4.7,5000,10,2495,33,results/O33R71_N4P7_D5000_W10.txt,1,3,DIFF,970.0,-4.2,8,76,810.0,1012.0
O33R71_N4P7_D5000_W10,official33_repaired71.json,4.7,5000,10,2495,33,results/O33R71_N4P7_D5000_W10.txt,1,3,Min-Max,477.0,2.4,8,76,466.0,529.0
O33R71_N4P7_D5000_W10,official33_repaired71.json,4.7,5000,10,2495,33,results/O33R71_N4P7_D5000_W10.txt,4,12,WCL,618.0,6.5,8,78,590.0,642.0
O33R71_N4P7_D5000_W10,official33_repaired71.json,4.7,5000,10,2495,33,results/O33R71_N4P7_D5000_W10.txt,4,12,ABS,545.0,3.3,8,78,525.0,593.0
O33R71_N4P7_D5000_W10,official33_repaired71.json,4.7,5000,10,2495,33,results/O33R71_N4P7_D5000_W10.txt,4,12,DIFF,944.0,-6.7,8,78,779.0,1133.0
O33R71_N4P7_D5000_W10,official33_repaired71.json,4.7,5000,10,2495,33,results/O33R71_N4P7_D5000_W10.txt,4,12,Min-Max,498.0,7.0,8,78,468.0,538.0
O33R71_N4P7_D5000_W10,official33_repaired71.json,4.7,5000,10,2495,33,results/O33R71_N4P7_D5000_W10.txt,8,24,WCL,628.0,8.2,8,80,581.0,1019.0
O33R71_N4P7_D5000_W10,official33_repaired71.json,4.7,5000,10,2495,33,results/O33R71_N4P7_D5000_W10.txt,8,24,ABS,545.0,3.2,8,80,518.0,761.0
O33R71_N4P7_D5000_W10,official33_repaired71.json,4.7,5000,10,2495,33,results/O33R71_N4P7_D5000_W10.txt,8,24,DIFF,810.0,-20.0,8,80,708.0,1094.0
O33R71_N4P7_D5000_W10,official33_repaired71.json,4.7,5000,10,2495,33,results/O33R71_N4P7_D5000_W10.txt,8,24,Min-Max,534.0,14.7,8,80,496.0,824.0
O33R71_N4P7_D5000_W10,official33_repaired71.json,4.7,5000,10,2495,33,results/O33R71_N4P7_D5000_W10.txt,16,48,WCL,776.0,33.7,8,82,656.0,914.0
O33R71_N4P7_D5000_W10,official33_repaired71.json,4.7,5000,10,2495,33,results/O33R71_N4P7_D5000_W10.txt,16,48,ABS,696.0,32.0,8,82,581.0,821.0
O33R71_N4P7_D5000_W10,official33_repaired71.json,4.7,5000,10,2495,33,results/O33R71_N4P7_D5000_W10.txt,16,48,DIFF,941.0,-7.1,8,82,693.0,1166.0
O33R71_N4P7_D5000_W10,official33_repaired71.json,4.7,5000,10,2495,33,results/O33R71_N4P7_D5000_W10.txt,16,48,Min-Max,735.0,57.9,8,82,565.0,854.0
O33R71_N4P7_D5000_W10,official33_repaired71.json,4.7,5000,10,2495,33,results/O33R71_N4P7_D5000_W10.txt,24,73,WCL,1664.0,187.0,8,84,834.0,2789.0
O33R71_N4P7_D5000_W10,official33_repaired71.json,4.7,5000,10,2495,33,results/O33R71_N4P7_D5000_W10.txt,24,73,ABS,1010.0,91.5,8,84,762.0,1260.0
O33R71_N4P7_D5000_W10,official33_repaired71.json,4.7,5000,10,2495,33,results/O33R71_N4P7_D5000_W10.txt,24,73,DIFF,1257.0,24.2,8,84,966.0,1651.0
O33R71_N4P7_D5000_W10,official33_repaired71.json,4.7,5000,10,2495,33,results/O33R71_N4P7_D5000_W10.txt,24,73,Min-Max,1178.0,152.9,8,84,806.0,1924.0
O33R71_N4P7_D5000_W10,official33_repaired71.json,4.7,5000,10,2495,33,results/O33R71_N4P7_D5000_W10.txt,33,100,WCL,2924.0,404.2,8,86,2468.0,3525.0
O33R71_N4P7_D5000_W10,official33_repaired71.json,4.7,5000,10,2495,33,results/O33R71_N4P7_D5000_W10.txt,33,100,ABS,1397.0,164.8,8,86,1209.0,1619.0
O33R71_N4P7_D5000_W10,official33_repaired71.json,4.7,5000,10,2495,33,results/O33R71_N4P7_D5000_W10.txt,33,100,DIFF,1766.0,74.4,8,86,1614.0,1936.0
O33R71_N4P7_D5000_W10,official33_repaired71.json,4.7,5000,10,2495,33,results/O33R71_N4P7_D5000_W10.txt,33,100,Min-Max,1922.0,312.6,8,86,1368.0,2361.0
O33R71_N4P7_D5000_W5,official33_repaired71.json,4.7,5000,5,2495,33,results/O33R71_N4P7_D5000_W5.txt,1,3,WCL,599.0,1.0,8,76,591.0,634.0
O33R71_N4P7_D5000_W5,official33_repaired71.json,4.7,5000,5,2495,33,results/O33R71_N4P7_D5000_W5.txt,1,3,ABS,531.0,-0.0,8,76,524.0,553.0
O33R71_N4P7_D5000_W5,official33_repaired71.json,4.7,5000,5,2495,33,results/O33R71_N4P7_D5000_W5.txt,1,3,DIFF,1045.0,-6.0,8,76,855.0,1101.0
O33R71_N4P7_D5000_W5,official33_repaired71.json,4.7,5000,5,2495,33,results/O33R71_N4P7_D5000_W5.txt,1,3,Min-Max,466.0,3.0,8,76,453.0,507.0
O33R71_N4P7_D5000_W5,official33_repaired71.json,4.7,5000,5,2495,33,results/O33R71_N4P7_D5000_W5.txt,4,12,WCL,617.0,4.1,8,78,604.0,637.0
O33R71_N4P7_D5000_W5,official33_repaired71.json,4.7,5000,5,2495,33,results/O33R71_N4P7_D5000_W5.txt,4,12,ABS,552.0,3.8,8,78,531.0,599.0
O33R71_N4P7_D5000_W5,official33_repaired71.json,4.7,5000,5,2495,33,results/O33R71_N4P7_D5000_W5.txt,4,12,DIFF,1049.0,-5.7,8,78,838.0,1245.0
O33R71_N4P7_D5000_W5,official33_repaired71.json,4.7,5000,5,2495,33,results/O33R71_N4P7_D5000_W5.txt,4,12,Min-Max,481.0,6.4,8,78,453.0,530.0
O33R71_N4P7_D5000_W5,official33_repaired71.json,4.7,5000,5,2495,33,results/O33R71_N4P7_D5000_W5.txt,8,24,WCL,636.0,7.2,8,80,589.0,1041.0
O33R71_N4P7_D5000_W5,official33_repaired71.json,4.7,5000,5,2495,33,results/O33R71_N4P7_D5000_W5.txt,8,24,ABS,571.0,7.4,8,80,534.0,775.0
O33R71_N4P7_D5000_W5,official33_repaired71.json,4.7,5000,5,2495,33,results/O33R71_N4P7_D5000_W5.txt,8,24,DIFF,892.0,-19.8,8,80,764.0,1190.0
O33R71_N4P7_D5000_W5,official33_repaired71.json,4.7,5000,5,2495,33,results/O33R71_N4P7_D5000_W5.txt,8,24,Min-Max,519.0,14.9,8,80,480.0,827.0
O33R71_N4P7_D5000_W5,official33_repaired71.json,4.7,5000,5,2495,33,results/O33R71_N4P7_D5000_W5.txt,16,48,WCL,788.0,32.9,8,82,683.0,955.0
O33R71_N4P7_D5000_W5,official33_repaired71.json,4.7,5000,5,2495,33,results/O33R71_N4P7_D5000_W5.txt,16,48,ABS,715.0,34.5,8,82,599.0,823.0
O33R71_N4P7_D5000_W5,official33_repaired71.json,4.7,5000,5,2495,33,results/O33R71_N4P7_D5000_W5.txt,16,48,DIFF,1002.0,-9.9,8,82,752.0,1253.0
O33R71_N4P7_D5000_W5,official33_repaired71.json,4.7,5000,5,2495,33,results/O33R71_N4P7_D5000_W5.txt,16,48,Min-Max,749.0,65.7,8,82,562.0,884.0
O33R71_N4P7_D5000_W5,official33_repaired71.json,4.7,5000,5,2495,33,results/O33R71_N4P7_D5000_W5.txt,24,73,WCL,1726.0,191.2,8,84,843.0,3077.0
O33R71_N4P7_D5000_W5,official33_repaired71.json,4.7,5000,5,2495,33,results/O33R71_N4P7_D5000_W5.txt,24,73,ABS,1051.0,97.7,8,84,756.0,1317.0
O33R71_N4P7_D5000_W5,official33_repaired71.json,4.7,5000,5,2495,33,results/O33R71_N4P7_D5000_W5.txt,24,73,DIFF,1353.0,21.6,8,84,1020.0,1716.0
O33R71_N4P7_D5000_W5,official33_repaired71.json,4.7,5000,5,2495,33,results/O33R71_N4P7_D5000_W5.txt,24,73,Min-Max,1244.0,175.3,8,84,821.0,2055.0
O33R71_N4P7_D5000_W5,official33_repaired71.json,4.7,5000,5,2495,33,results/O33R71_N4P7_D5000_W5.txt,33,100,WCL,2997.0,405.5,8,86,2580.0,3576.0
O33R71_N4P7_D5000_W5,official33_repaired71.json,4.7,5000,5,2495,33,results/O33R71_N4P7_D5000_W5.txt,33,100,ABS,1433.0,169.7,8,86,1275.0,1658.0
O33R71_N4P7_D5000_W5,official33_repaired71.json,4.7,5000,5,2495,33,results/O33R71_N4P7_D5000_W5.txt,33,100,DIFF,1856.0,66.9,8,86,1662.0,2035.0
O33R71_N4P7_D5000_W5,official33_repaired71.json,4.7,5000,5,2495,33,results/O33R71_N4P7_D5000_W5.txt,33,100,Min-Max,2090.0,362.5,8,86,1473.0,2472.0
R26M71_N4P7_D5000_W10,recovered26_common_minus71.json,4.7,5000,10,2494,26,results/R26M71_N4P7_D5000_W10.txt,1,4,WCL,618.0,0.7,8,76,614.0,667.0
R26M71_N4P7_D5000_W10,recovered26_common_minus71.json,4.7,5000,10,2494,26,results/R26M71_N4P7_D5000_W10.txt,1,4,ABS,645.0,0.1,8,76,639.0,667.0
R26M71_N4P7_D5000_W10,recovered26_common_minus71.json,4.7,5000,10,2494,26,results/R26M71_N4P7_D5000_W10.txt,1,4,DIFF,998.0,-0.3,8,76,884.0,1091.0
R26M71_N4P7_D5000_W10,recovered26_common_minus71.json,4.7,5000,10,2494,26,results/R26M71_N4P7_D5000_W10.txt,1,4,Min-Max,511.0,0.2,8,76,508.0,562.0
R26M71_N4P7_D5000_W10,recovered26_common_minus71.json,4.7,5000,10,2494,26,results/R26M71_N4P7_D5000_W10.txt,3,12,WCL,667.0,8.6,8,78,618.0,897.0
R26M71_N4P7_D5000_W10,recovered26_common_minus71.json,4.7,5000,10,2494,26,results/R26M71_N4P7_D5000_W10.txt,3,12,ABS,681.0,5.6,8,78,649.0,756.0
R26M71_N4P7_D5000_W10,recovered26_common_minus71.json,4.7,5000,10,2494,26,results/R26M71_N4P7_D5000_W10.txt,3,12,DIFF,1049.0,4.8,8,78,922.0,1239.0
R26M71_N4P7_D5000_W10,recovered26_common_minus71.json,4.7,5000,10,2494,26,results/R26M71_N4P7_D5000_W10.txt,3,12,Min-Max,584.0,14.6,8,78,526.0,718.0
R26M71_N4P7_D5000_W10,recovered26_common_minus71.json,4.7,5000,10,2494,26,results/R26M71_N4P7_D5000_W10.txt,6,23,WCL,821.0,33.7,8,80,619.0,1051.0
R26M71_N4P7_D5000_W10,recovered26_common_minus71.json,4.7,5000,10,2494,26,results/R26M71_N4P7_D5000_W10.txt,6,23,ABS,738.0,14.5,8,80,652.0,857.0
R26M71_N4P7_D5000_W10,recovered26_common_minus71.json,4.7,5000,10,2494,26,results/R26M71_N4P7_D5000_W10.txt,6,23,DIFF,1055.0,5.4,8,80,911.0,1162.0
R26M71_N4P7_D5000_W10,recovered26_common_minus71.json,4.7,5000,10,2494,26,results/R26M71_N4P7_D5000_W10.txt,6,23,Min-Max,655.0,28.5,8,80,600.0,760.0
R26M71_N4P7_D5000_W10,recovered26_common_minus71.json,4.7,5000,10,2494,26,results/R26M71_N4P7_D5000_W10.txt,13,50,WCL,962.0,56.8,8,82,616.0,1334.0
R26M71_N4P7_D5000_W10,recovered26_common_minus71.json,4.7,5000,10,2494,26,results/R26M71_N4P7_D5000_W10.txt,13,50,ABS,794.0,23.2,8,82,716.0,940.0
R26M71_N4P7_D5000_W10,recovered26_common_minus71.json,4.7,5000,10,2494,26,results/R26M71_N4P7_D5000_W10.txt,13,50,DIFF,1030.0,2.9,8,82,907.0,1363.0
R26M71_N4P7_D5000_W10,recovered26_common_minus71.json,4.7,5000,10,2494,26,results/R26M71_N4P7_D5000_W10.txt,13,50,Min-Max,830.0,62.9,8,82,599.0,1207.0
R26M71_N4P7_D5000_W10,recovered26_common_minus71.json,4.7,5000,10,2494,26,results/R26M71_N4P7_D5000_W10.txt,19,73,WCL,1049.0,70.9,8,84,733.0,2648.0
R26M71_N4P7_D5000_W10,recovered26_common_minus71.json,4.7,5000,10,2494,26,results/R26M71_N4P7_D5000_W10.txt,19,73,ABS,948.0,47.0,8,84,855.0,1326.0
R26M71_N4P7_D5000_W10,recovered26_common_minus71.json,4.7,5000,10,2494,26,results/R26M71_N4P7_D5000_W10.txt,19,73,DIFF,1206.0,20.4,8,84,1100.0,1703.0
R26M71_N4P7_D5000_W10,recovered26_common_minus71.json,4.7,5000,10,2494,26,results/R26M71_N4P7_D5000_W10.txt,19,73,Min-Max,938.0,84.1,8,84,722.0,1646.0
R26M71_N4P7_D5000_W10,recovered26_common_minus71.json,4.7,5000,10,2494,26,results/R26M71_N4P7_D5000_W10.txt,26,100,WCL,3441.0,460.6,8,86,2674.0,3768.0
R26M71_N4P7_D5000_W10,recovered26_common_minus71.json,4.7,5000,10,2494,26,results/R26M71_N4P7_D5000_W10.txt,26,100,ABS,1689.0,162.1,8,86,1496.0,1845.0
R26M71_N4P7_D5000_W10,recovered26_common_minus71.json,4.7,5000,10,2494,26,results/R26M71_N4P7_D5000_W10.txt,26,100,DIFF,1990.0,98.8,8,86,1812.0,2213.0
R26M71_N4P7_D5000_W10,recovered26_common_minus71.json,4.7,5000,10,2494,26,results/R26M71_N4P7_D5000_W10.txt,26,100,Min-Max,2095.0,311.1,8,86,1697.0,2572.0
R27_N4P7_D10000_W10,recovered27_common.json,4.7,10000,10,2498,27,results/R27_N4P7_D10000_W10.txt,1,4,WCL,595.0,0.3,8,76,592.0,625.0
R27_N4P7_D10000_W10,recovered27_common.json,4.7,10000,10,2498,27,results/R27_N4P7_D10000_W10.txt,1,4,ABS,641.0,0.1,8,76,635.0,670.0
R27_N4P7_D10000_W10,recovered27_common.json,4.7,10000,10,2498,27,results/R27_N4P7_D10000_W10.txt,1,4,DIFF,983.0,-0.7,8,76,872.0,1023.0
R27_N4P7_D10000_W10,recovered27_common.json,4.7,10000,10,2498,27,results/R27_N4P7_D10000_W10.txt,1,4,Min-Max,470.0,0.1,8,76,468.0,549.0
R27_N4P7_D10000_W10,recovered27_common.json,4.7,10000,10,2498,27,results/R27_N4P7_D10000_W10.txt,3,11,WCL,627.0,5.7,8,78,598.0,895.0
R27_N4P7_D10000_W10,recovered27_common.json,4.7,10000,10,2498,27,results/R27_N4P7_D10000_W10.txt,3,11,ABS,681.0,6.4,8,78,659.0,782.0
R27_N4P7_D10000_W10,recovered27_common.json,4.7,10000,10,2498,27,results/R27_N4P7_D10000_W10.txt,3,11,DIFF,998.0,0.9,8,78,899.0,1220.0
R27_N4P7_D10000_W10,recovered27_common.json,4.7,10000,10,2498,27,results/R27_N4P7_D10000_W10.txt,3,11,Min-Max,575.0,22.4,8,78,492.0,800.0
R27_N4P7_D10000_W10,recovered27_common.json,4.7,10000,10,2498,27,results/R27_N4P7_D10000_W10.txt,6,22,WCL,806.0,35.9,8,80,623.0,1146.0
R27_N4P7_D10000_W10,recovered27_common.json,4.7,10000,10,2498,27,results/R27_N4P7_D10000_W10.txt,6,22,ABS,743.0,16.1,8,80,662.0,901.0
R27_N4P7_D10000_W10,recovered27_common.json,4.7,10000,10,2498,27,results/R27_N4P7_D10000_W10.txt,6,22,DIFF,1005.0,1.5,8,80,865.0,1153.0
R27_N4P7_D10000_W10,recovered27_common.json,4.7,10000,10,2498,27,results/R27_N4P7_D10000_W10.txt,6,22,Min-Max,758.0,61.3,8,80,504.0,1000.0
R27_N4P7_D10000_W10,recovered27_common.json,4.7,10000,10,2498,27,results/R27_N4P7_D10000_W10.txt,13,48,WCL,903.0,52.2,8,82,613.0,1098.0
R27_N4P7_D10000_W10,recovered27_common.json,4.7,10000,10,2498,27,results/R27_N4P7_D10000_W10.txt,13,48,ABS,807.0,26.2,8,82,712.0,1055.0
R27_N4P7_D10000_W10,recovered27_common.json,4.7,10000,10,2498,27,results/R27_N4P7_D10000_W10.txt,13,48,DIFF,1030.0,4.1,8,82,919.0,1281.0
R27_N4P7_D10000_W10,recovered27_common.json,4.7,10000,10,2498,27,results/R27_N4P7_D10000_W10.txt,13,48,Min-Max,883.0,87.9,8,82,583.0,1206.0
R27_N4P7_D10000_W10,recovered27_common.json,4.7,10000,10,2498,27,results/R27_N4P7_D10000_W10.txt,20,74,WCL,1958.0,230.1,8,84,1581.0,4944.0
R27_N4P7_D10000_W10,recovered27_common.json,4.7,10000,10,2498,27,results/R27_N4P7_D10000_W10.txt,20,74,ABS,1504.0,135.0,8,84,1176.0,2162.0
R27_N4P7_D10000_W10,recovered27_common.json,4.7,10000,10,2498,27,results/R27_N4P7_D10000_W10.txt,20,74,DIFF,1765.0,78.4,8,84,1445.0,2520.0
R27_N4P7_D10000_W10,recovered27_common.json,4.7,10000,10,2498,27,results/R27_N4P7_D10000_W10.txt,20,74,Min-Max,1798.0,282.8,8,84,1452.0,2472.0
R27_N4P7_D10000_W10,recovered27_common.json,4.7,10000,10,2498,27,results/R27_N4P7_D10000_W10.txt,27,100,WCL,6368.0,973.5,8,86,5234.0,6753.0
R27_N4P7_D10000_W10,recovered27_common.json,4.7,10000,10,2498,27,results/R27_N4P7_D10000_W10.txt,27,100,ABS,3001.0,368.8,8,86,2686.0,3413.0
R27_N4P7_D10000_W10,recovered27_common.json,4.7,10000,10,2498,27,results/R27_N4P7_D10000_W10.txt,27,100,DIFF,3505.0,254.2,8,86,3176.0,3925.0
R27_N4P7_D10000_W10,recovered27_common.json,4.7,10000,10,2498,27,results/R27_N4P7_D10000_W10.txt,27,100,Min-Max,4055.0,763.2,8,86,2620.0,5214.0
R27_N4P7_D1000_W10,recovered27_common.json,4.7,1000,10,2498,27,results/R27_N4P7_D1000_W10.txt,1,4,WCL,593.0,0.0,8,76,585.0,611.0
R27_N4P7_D1000_W10,recovered27_common.json,4.7,1000,10,2498,27,results/R27_N4P7_D1000_W10.txt,1,4,ABS,640.0,0.0,8,76,624.0,717.0
R27_N4P7_D1000_W10,recovered27_common.json,4.7,1000,10,2498,27,results/R27_N4P7_D1000_W10.txt,1,4,DIFF,990.0,0.0,8,76,986.0,1062.0
R27_N4P7_D1000_W10,recovered27_common.json,4.7,1000,10,2498,27,results/R27_N4P7_D1000_W10.txt,1,4,Min-Max,471.0,0.2,8,76,467.0,506.0
R27_N4P7_D1000_W10,recovered27_common.json,4.7,1000,10,2498,27,results/R27_N4P7_D1000_W10.txt,3,11,WCL,623.0,5.0,8,78,545.0,783.0
R27_N4P7_D1000_W10,recovered27_common.json,4.7,1000,10,2498,27,results/R27_N4P7_D1000_W10.txt,3,11,ABS,688.0,7.4,8,78,613.0,761.0
R27_N4P7_D1000_W10,recovered27_common.json,4.7,1000,10,2498,27,results/R27_N4P7_D1000_W10.txt,3,11,DIFF,1039.0,4.9,8,78,960.0,1513.0
R27_N4P7_D1000_W10,recovered27_common.json,4.7,1000,10,2498,27,results/R27_N4P7_D1000_W10.txt,3,11,Min-Max,489.0,4.0,8,78,475.0,599.0
R27_N4P7_D1000_W10,recovered27_common.json,4.7,1000,10,2498,27,results/R27_N4P7_D1000_W10.txt,6,22,WCL,670.0,12.9,8,80,615.0,826.0
R27_N4P7_D1000_W10,recovered27_common.json,4.7,1000,10,2498,27,results/R27_N4P7_D1000_W10.txt,6,22,ABS,682.0,6.5,8,80,625.0,762.0
R27_N4P7_D1000_W10,recovered27_common.json,4.7,1000,10,2498,27,results/R27_N4P7_D1000_W10.txt,6,22,DIFF,1064.0,7.5,8,80,929.0,1430.0
R27_N4P7_D1000_W10,recovered27_common.json,4.7,1000,10,2498,27,results/R27_N4P7_D1000_W10.txt,6,22,Min-Max,502.0,6.8,8,80,474.0,564.0
R27_N4P7_D1000_W10,recovered27_common.json,4.7,1000,10,2498,27,results/R27_N4P7_D1000_W10.txt,13,48,WCL,696.0,17.3,8,82,588.0,826.0
R27_N4P7_D1000_W10,recovered27_common.json,4.7,1000,10,2498,27,results/R27_N4P7_D1000_W10.txt,13,48,ABS,736.0,15.0,8,82,662.0,856.0
R27_N4P7_D1000_W10,recovered27_common.json,4.7,1000,10,2498,27,results/R27_N4P7_D1000_W10.txt,13,48,DIFF,1101.0,11.2,8,82,974.0,1567.0
R27_N4P7_D1000_W10,recovered27_common.json,4.7,1000,10,2498,27,results/R27_N4P7_D1000_W10.txt,13,48,Min-Max,532.0,13.2,8,82,482.0,641.0
R27_N4P7_D1000_W10,recovered27_common.json,4.7,1000,10,2498,27,results/R27_N4P7_D1000_W10.txt,20,74,WCL,887.0,49.5,8,84,591.0,962.0
R27_N4P7_D1000_W10,recovered27_common.json,4.7,1000,10,2498,27,results/R27_N4P7_D1000_W10.txt,20,74,ABS,751.0,17.3,8,84,683.0,963.0
R27_N4P7_D1000_W10,recovered27_common.json,4.7,1000,10,2498,27,results/R27_N4P7_D1000_W10.txt,20,74,DIFF,1264.0,27.7,8,84,988.0,1760.0
R27_N4P7_D1000_W10,recovered27_common.json,4.7,1000,10,2498,27,results/R27_N4P7_D1000_W10.txt,20,74,Min-Max,575.0,22.3,8,84,529.0,719.0
R27_N4P7_D1000_W10,recovered27_common.json,4.7,1000,10,2498,27,results/R27_N4P7_D1000_W10.txt,27,100,WCL,905.0,52.5,8,86,755.0,1065.0
R27_N4P7_D1000_W10,recovered27_common.json,4.7,1000,10,2498,27,results/R27_N4P7_D1000_W10.txt,27,100,ABS,931.0,45.5,8,86,819.0,982.0
R27_N4P7_D1000_W10,recovered27_common.json,4.7,1000,10,2498,27,results/R27_N4P7_D1000_W10.txt,27,100,DIFF,1440.0,45.5,8,86,1273.0,1596.0
R27_N4P7_D1000_W10,recovered27_common.json,4.7,1000,10,2498,27,results/R27_N4P7_D1000_W10.txt,27,100,Min-Max,677.0,44.0,8,86,618.0,750.0
R27_N4P7_D5000_W10,recovered27_common.json,4.7,5000,10,2498,27,results/R27_N4P7_D5000_W10.txt,1,4,WCL,596.0,0.4,8,76,593.0,625.0
R27_N4P7_D5000_W10,recovered27_common.json,4.7,5000,10,2498,27,results/R27_N4P7_D5000_W10.txt,1,4,ABS,641.0,0.1,8,76,633.0,671.0
R27_N4P7_D5000_W10,recovered27_common.json,4.7,5000,10,2498,27,results/R27_N4P7_D5000_W10.txt,1,4,DIFF,989.0,-0.1,8,76,858.0,1065.0
R27_N4P7_D5000_W10,recovered27_common.json,4.7,5000,10,2498,27,results/R27_N4P7_D5000_W10.txt,1,4,Min-Max,472.0,0.4,8,76,468.0,534.0
R27_N4P7_D5000_W10,recovered27_common.json,4.7,5000,10,2498,27,results/R27_N4P7_D5000_W10.txt,3,11,WCL,627.0,5.7,8,78,598.0,896.0
R27_N4P7_D5000_W10,recovered27_common.json,4.7,5000,10,2498,27,results/R27_N4P7_D5000_W10.txt,3,11,ABS,677.0,5.8,8,78,648.0,785.0
R27_N4P7_D5000_W10,recovered27_common.json,4.7,5000,10,2498,27,results/R27_N4P7_D5000_W10.txt,3,11,DIFF,1003.0,1.4,8,78,888.0,1273.0
R27_N4P7_D5000_W10,recovered27_common.json,4.7,5000,10,2498,27,results/R27_N4P7_D5000_W10.txt,3,11,Min-Max,547.0,16.4,8,78,484.0,715.0
R27_N4P7_D5000_W10,recovered27_common.json,4.7,5000,10,2498,27,results/R27_N4P7_D5000_W10.txt,6,22,WCL,806.0,35.9,8,80,622.0,1140.0
R27_N4P7_D5000_W10,recovered27_common.json,4.7,5000,10,2498,27,results/R27_N4P7_D5000_W10.txt,6,22,ABS,718.0,12.2,8,80,652.0,862.0
R27_N4P7_D5000_W10,recovered27_common.json,4.7,5000,10,2498,27,results/R27_N4P7_D5000_W10.txt,6,22,DIFF,1070.0,8.1,8,80,888.0,1166.0
R27_N4P7_D5000_W10,recovered27_common.json,4.7,5000,10,2498,27,results/R27_N4P7_D5000_W10.txt,6,22,Min-Max,679.0,44.6,8,80,497.0,830.0
R27_N4P7_D5000_W10,recovered27_common.json,4.7,5000,10,2498,27,results/R27_N4P7_D5000_W10.txt,13,48,WCL,897.0,51.2,8,82,613.0,1086.0
R27_N4P7_D5000_W10,recovered27_common.json,4.7,5000,10,2498,27,results/R27_N4P7_D5000_W10.txt,13,48,ABS,780.0,21.9,8,82,702.0,966.0
R27_N4P7_D5000_W10,recovered27_common.json,4.7,5000,10,2498,27,results/R27_N4P7_D5000_W10.txt,13,48,DIFF,1039.0,5.0,8,82,974.0,1315.0
R27_N4P7_D5000_W10,recovered27_common.json,4.7,5000,10,2498,27,results/R27_N4P7_D5000_W10.txt,13,48,Min-Max,742.0,57.9,8,82,564.0,994.0
R27_N4P7_D5000_W10,recovered27_common.json,4.7,5000,10,2498,27,results/R27_N4P7_D5000_W10.txt,20,74,WCL,1771.0,198.5,8,84,1291.0,2156.0
R27_N4P7_D5000_W10,recovered27_common.json,4.7,5000,10,2498,27,results/R27_N4P7_D5000_W10.txt,20,74,ABS,1101.0,72.1,8,84,1010.0,1455.0
R27_N4P7_D5000_W10,recovered27_common.json,4.7,5000,10,2498,27,results/R27_N4P7_D5000_W10.txt,20,74,DIFF,1426.0,44.0,8,84,1338.0,1678.0
R27_N4P7_D5000_W10,recovered27_common.json,4.7,5000,10,2498,27,results/R27_N4P7_D5000_W10.txt,20,74,Min-Max,1262.0,168.7,8,84,985.0,1546.0
R27_N4P7_D5000_W10,recovered27_common.json,4.7,5000,10,2498,27,results/R27_N4P7_D5000_W10.txt,27,100,WCL,3126.0,426.9,8,86,2497.0,3324.0
R27_N4P7_D5000_W10,recovered27_common.json,4.7,5000,10,2498,27,results/R27_N4P7_D5000_W10.txt,27,100,ABS,1615.0,152.4,8,86,1507.0,1769.0
R27_N4P7_D5000_W10,recovered27_common.json,4.7,5000,10,2498,27,results/R27_N4P7_D5000_W10.txt,27,100,DIFF,1930.0,95.0,8,86,1719.0,2065.0
R27_N4P7_D5000_W10,recovered27_common.json,4.7,5000,10,2498,27,results/R27_N4P7_D5000_W10.txt,27,100,Min-Max,2246.0,378.1,8,86,1477.0,2531.0
