file,expected,actual,pass_hash
./inputs/B9C_MAP_MANIFEST.json,91e39c6b1218f7a224e822a1c55bcc1d4d0c13a5c67f1fc9eee99d4783e25d2a,91e39c6b1218f7a224e822a1c55bcc1d4d0c13a5c67f1fc9eee99d4783e25d2a,True
./inputs/official26_common_minus71.json,d569191d4becd8733edc7b54e6a7cf4c3715ef657f8d5b8624ebfe8053c959a6,d569191d4becd8733edc7b54e6a7cf4c3715ef657f8d5b8624ebfe8053c959a6,True
./inputs/official27_common.json,02180f358ddc840872f5ceb38f837c706bef1830bdb2503c176028527f84ff9b,02180f358ddc840872f5ceb38f837c706bef1830bdb2503c176028527f84ff9b,True
./inputs/official32_minus71.json,445ec184e1ba7f46208896e88ed6ca79fcb59d7cc4a45a93ae420c5c8baeb854,445ec184e1ba7f46208896e88ed6ca79fcb59d7cc4a45a93ae420c5c8baeb854,True
./inputs/official33_published.json,99b60a463a18a061bc8bdd15971c3f4e3d54d69965dcde50d9f988a6f3e103c1,99b60a463a18a061bc8bdd15971c3f4e3d54d69965dcde50d9f988a6f3e103c1,True
./inputs/official33_repaired71.json,cae3b93e19ff1df8a9a1182ab4e422707af6647ab3ab4c3c4e67d7bd378199b9,cae3b93e19ff1df8a9a1182ab4e422707af6647ab3ab4c3c4e67d7bd378199b9,True
./inputs/recovered26_common_minus71.json,9f0c6ec568d72d2b3249ea7e365bd9b37645cb94195fdc8d642021f71e53fd9c,9f0c6ec568d72d2b3249ea7e365bd9b37645cb94195fdc8d642021f71e53fd9c,True
./inputs/recovered27_common.json,00d9ad189b5d01d475ba261edaa0556e02eadad8aee06104f3feb3f8ad998170,00d9ad189b5d01d475ba261edaa0556e02eadad8aee06104f3feb3f8ad998170,True
./inputs/recovered29.json,cfddca4fc5a0ad51fb4d8717be807454c891ba3c4872ff1a4e6b9aec3f5ae2da,cfddca4fc5a0ad51fb4d8717be807454c891ba3c4872ff1a4e6b9aec3f5ae2da,True
./PUBLISHED_OFFICIAL33_SEARCH.json,0a5b8b0e3c94005834175f4c146281a92f1b842c6149a8dcad5d785034783f6d,0a5b8b0e3c94005834175f4c146281a92f1b842c6149a8dcad5d785034783f6d,True
./results/O26M71_N4P7_D5000_W10.command.sh,2af5f57a5e0d78dac6a625d79f9161ab71b1d84051399599e73ace7dafd37979,2af5f57a5e0d78dac6a625d79f9161ab71b1d84051399599e73ace7dafd37979,True
./results/O26M71_N4P7_D5000_W10.console.log,e4d7a9a4177468e11ede6690ad18ab5c7ff1af7eed35a1df3e9cd643d4ced699,e4d7a9a4177468e11ede6690ad18ab5c7ff1af7eed35a1df3e9cd643d4ced699,True
./results/O26M71_N4P7_D5000_W10.DONE,e3b0c44298fc1c149afbf4c8996fb92427ae41e4649b934ca495991b7852b855,e3b0c44298fc1c149afbf4c8996fb92427ae41e4649b934ca495991b7852b855,True
./results/O26M71_N4P7_D5000_W10.returncode.txt,9a271f2a916b0b6ee6cecb2426f0b3206ef074578be55d9bc94f6f3fe3ab86aa,9a271f2a916b0b6ee6cecb2426f0b3206ef074578be55d9bc94f6f3fe3ab86aa,True
./results/O26M71_N4P7_D5000_W10.txt,570f474682206fac93ac720d7c4cf625447e2c7eb5f2ff149e23d49516af9518,570f474682206fac93ac720d7c4cf625447e2c7eb5f2ff149e23d49516af9518,True
./results/O27_N4P7_D1000_W10.command.sh,ce00cd2d444fb3139539953be1e8e7596a6dc0b2f2049f27db214026509932cf,ce00cd2d444fb3139539953be1e8e7596a6dc0b2f2049f27db214026509932cf,True
./results/O27_N4P7_D1000_W10.console.log,0ef1546e5ddfdf0df8e4b1df822aca8626e9ab54de0bcab6f4f8060d0ef839ef,0ef1546e5ddfdf0df8e4b1df822aca8626e9ab54de0bcab6f4f8060d0ef839ef,True
./results/O27_N4P7_D1000_W10.DONE,e3b0c44298fc1c149afbf4c8996fb92427ae41e4649b934ca495991b7852b855,e3b0c44298fc1c149afbf4c8996fb92427ae41e4649b934ca495991b7852b855,True
./results/O27_N4P7_D1000_W10.returncode.txt,9a271f2a916b0b6ee6cecb2426f0b3206ef074578be55d9bc94f6f3fe3ab86aa,9a271f2a916b0b6ee6cecb2426f0b3206ef074578be55d9bc94f6f3fe3ab86aa,True
./results/O27_N4P7_D1000_W10.txt,e31b0bc1b125f6af3c03a2a63e08f1e6ba3b9b84364693874fd4d65714f01b54,e31b0bc1b125f6af3c03a2a63e08f1e6ba3b9b84364693874fd4d65714f01b54,True
./results/O27_N4P7_D10000_W10.command.sh,a9b575fa0c052c11bd4d6c8c95ee175ace9f883a4e812ced495d05ecc3130b0b,a9b575fa0c052c11bd4d6c8c95ee175ace9f883a4e812ced495d05ecc3130b0b,True
./results/O27_N4P7_D10000_W10.console.log,34c7cd52dc674676117071d457fc910862c86cc6abc62cae85e13593e1bdc058,34c7cd52dc674676117071d457fc910862c86cc6abc62cae85e13593e1bdc058,True
./results/O27_N4P7_D10000_W10.DONE,e3b0c44298fc1c149afbf4c8996fb92427ae41e4649b934ca495991b7852b855,e3b0c44298fc1c149afbf4c8996fb92427ae41e4649b934ca495991b7852b855,True
./results/O27_N4P7_D10000_W10.returncode.txt,9a271f2a916b0b6ee6cecb2426f0b3206ef074578be55d9bc94f6f3fe3ab86aa,9a271f2a916b0b6ee6cecb2426f0b3206ef074578be55d9bc94f6f3fe3ab86aa,True
./results/O27_N4P7_D10000_W10.txt,f7ba1b42ee3f2de03593c33ea273c7a058456d3a51036adb7272694c5f3953ce,f7ba1b42ee3f2de03593c33ea273c7a058456d3a51036adb7272694c5f3953ce,True
./results/O27_N4P7_D5000_W10.command.sh,15fe9bec056de641f67f44121c62ffd1cdd8621fc5e42391cb742f1404c38ae2,15fe9bec056de641f67f44121c62ffd1cdd8621fc5e42391cb742f1404c38ae2,True
./results/O27_N4P7_D5000_W10.console.log,1f726ad8ee72116a2d239fdf0dbe2f27b93d22d75858f2beedd867214f05d25e,1f726ad8ee72116a2d239fdf0dbe2f27b93d22d75858f2beedd867214f05d25e,True
./results/O27_N4P7_D5000_W10.DONE,e3b0c44298fc1c149afbf4c8996fb92427ae41e4649b934ca495991b7852b855,e3b0c44298fc1c149afbf4c8996fb92427ae41e4649b934ca495991b7852b855,True
./results/O27_N4P7_D5000_W10.returncode.txt,9a271f2a916b0b6ee6cecb2426f0b3206ef074578be55d9bc94f6f3fe3ab86aa,9a271f2a916b0b6ee6cecb2426f0b3206ef074578be55d9bc94f6f3fe3ab86aa,True
./results/O27_N4P7_D5000_W10.txt,9312e8882531e716a9d3ec1ee1a4dd2854c3501995c86d21423c6177434dac9c,9312e8882531e716a9d3ec1ee1a4dd2854c3501995c86d21423c6177434dac9c,True
./results/O32M71_N4P7_D1000_W10.command.sh,fab16b7f1c0295c9829f5a79fe3eeb420b18cb7145ec429e7e19bf2168dd615c,fab16b7f1c0295c9829f5a79fe3eeb420b18cb7145ec429e7e19bf2168dd615c,True
./results/O32M71_N4P7_D1000_W10.console.log,653bef368bc7fcb651faa5c1e803b797f1ce53e41548d162688c4b0f3d206c07,653bef368bc7fcb651faa5c1e803b797f1ce53e41548d162688c4b0f3d206c07,True
./results/O32M71_N4P7_D1000_W10.DONE,e3b0c44298fc1c149afbf4c8996fb92427ae41e4649b934ca495991b7852b855,e3b0c44298fc1c149afbf4c8996fb92427ae41e4649b934ca495991b7852b855,True
./results/O32M71_N4P7_D1000_W10.returncode.txt,9a271f2a916b0b6ee6cecb2426f0b3206ef074578be55d9bc94f6f3fe3ab86aa,9a271f2a916b0b6ee6cecb2426f0b3206ef074578be55d9bc94f6f3fe3ab86aa,True
./results/O32M71_N4P7_D1000_W10.txt,2f14fee5560f178831780183084067320b822b31ef9caa6749b5fc9c7d1882fb,2f14fee5560f178831780183084067320b822b31ef9caa6749b5fc9c7d1882fb,True
./results/O32M71_N4P7_D10000_W10.command.sh,09d54a72f5574d70bbcae254e0be201d2c19db7bfe070b3fb616a01f4fe141f6,09d54a72f5574d70bbcae254e0be201d2c19db7bfe070b3fb616a01f4fe141f6,True
./results/O32M71_N4P7_D10000_W10.console.log,acf98741f793ad7932286602eac320b2c31fb994666befd05bc1055151dae5b8,acf98741f793ad7932286602eac320b2c31fb994666befd05bc1055151dae5b8,True
./results/O32M71_N4P7_D10000_W10.DONE,e3b0c44298fc1c149afbf4c8996fb92427ae41e4649b934ca495991b7852b855,e3b0c44298fc1c149afbf4c8996fb92427ae41e4649b934ca495991b7852b855,True
./results/O32M71_N4P7_D10000_W10.returncode.txt,9a271f2a916b0b6ee6cecb2426f0b3206ef074578be55d9bc94f6f3fe3ab86aa,9a271f2a916b0b6ee6cecb2426f0b3206ef074578be55d9bc94f6f3fe3ab86aa,True
./results/O32M71_N4P7_D10000_W10.txt,682ace008d5bd0a39a4bfa467454274a8fce66da9a733ce17de41770078997d2,682ace008d5bd0a39a4bfa467454274a8fce66da9a733ce17de41770078997d2,True
./results/O32M71_N4P7_D5000_W10.command.sh,a214e26bf96a595c744ff2787a43a80ee30ae943baa030321fdc919ca93cde2d,a214e26bf96a595c744ff2787a43a80ee30ae943baa030321fdc919ca93cde2d,True
./results/O32M71_N4P7_D5000_W10.console.log,22858c9352ab4df4f70574c653e5c010441c405597afa38e1ba59e2dbeefddbd,22858c9352ab4df4f70574c653e5c010441c405597afa38e1ba59e2dbeefddbd,True
./results/O32M71_N4P7_D5000_W10.DONE,e3b0c44298fc1c149afbf4c8996fb92427ae41e4649b934ca495991b7852b855,e3b0c44298fc1c149afbf4c8996fb92427ae41e4649b934ca495991b7852b855,True
./results/O32M71_N4P7_D5000_W10.returncode.txt,9a271f2a916b0b6ee6cecb2426f0b3206ef074578be55d9bc94f6f3fe3ab86aa,9a271f2a916b0b6ee6cecb2426f0b3206ef074578be55d9bc94f6f3fe3ab86aa,True
./results/O32M71_N4P7_D5000_W10.txt,a621a8e3ace98741cb6fb3fe1a110214d95be76722d04de58ab09c7a9baa68c9,a621a8e3ace98741cb6fb3fe1a110214d95be76722d04de58ab09c7a9baa68c9,True
./results/O32M71_N4P7_D5000_W5.command.sh,91a2c7a736fd262956d70f6758232e1af4099af2b62690d8064aa2c8fc474121,91a2c7a736fd262956d70f6758232e1af4099af2b62690d8064aa2c8fc474121,True
./results/O32M71_N4P7_D5000_W5.console.log,826cf055cdac21681eebd0ab598d0101b6b8daf74b41b0b95e8cbcb1c51b4054,826cf055cdac21681eebd0ab598d0101b6b8daf74b41b0b95e8cbcb1c51b4054,True
./results/O32M71_N4P7_D5000_W5.DONE,e3b0c44298fc1c149afbf4c8996fb92427ae41e4649b934ca495991b7852b855,e3b0c44298fc1c149afbf4c8996fb92427ae41e4649b934ca495991b7852b855,True
./results/O32M71_N4P7_D5000_W5.returncode.txt,9a271f2a916b0b6ee6cecb2426f0b3206ef074578be55d9bc94f6f3fe3ab86aa,9a271f2a916b0b6ee6cecb2426f0b3206ef074578be55d9bc94f6f3fe3ab86aa,True
./results/O32M71_N4P7_D5000_W5.txt,135859fc0e92a52099d2e04c217aa8b769d718d9291489fd53c6842924f8ca01,135859fc0e92a52099d2e04c217aa8b769d718d9291489fd53c6842924f8ca01,True
./results/O33PUBLISHED_N4P7_D10000_W10.command.sh,aeda5b690c59195e8038f42907aaa20f0beb2ded7f9a15a5696502aceb080a47,aeda5b690c59195e8038f42907aaa20f0beb2ded7f9a15a5696502aceb080a47,True
./results/O33PUBLISHED_N4P7_D10000_W10.console.log,6d3220893a1d62a2e6dd745cf3320d78dcd23e4e3d06c1b687d7fbbf3673fc47,6d3220893a1d62a2e6dd745cf3320d78dcd23e4e3d06c1b687d7fbbf3673fc47,True
./results/O33PUBLISHED_N4P7_D10000_W10.DONE,e3b0c44298fc1c149afbf4c8996fb92427ae41e4649b934ca495991b7852b855,e3b0c44298fc1c149afbf4c8996fb92427ae41e4649b934ca495991b7852b855,True
./results/O33PUBLISHED_N4P7_D10000_W10.returncode.txt,9a271f2a916b0b6ee6cecb2426f0b3206ef074578be55d9bc94f6f3fe3ab86aa,9a271f2a916b0b6ee6cecb2426f0b3206ef074578be55d9bc94f6f3fe3ab86aa,True
./results/O33PUBLISHED_N4P7_D10000_W10.txt,c64f039926a7b2491bdc7e9122164c0bbc555918598cf3cc3c454afaccba9e51,c64f039926a7b2491bdc7e9122164c0bbc555918598cf3cc3c454afaccba9e51,True
./results/O33PUBLISHED_N4P7_D5000_W10.command.sh,f6d9f43b0b4f90ab8e6bb0940c569e273fef4b3f3201f552278111000d1de6f0,f6d9f43b0b4f90ab8e6bb0940c569e273fef4b3f3201f552278111000d1de6f0,True
./results/O33PUBLISHED_N4P7_D5000_W10.console.log,3a3a7a3b02fbe06a3f1bfecc6932a8d809cc44217625448e835526d01c8b3f17,3a3a7a3b02fbe06a3f1bfecc6932a8d809cc44217625448e835526d01c8b3f17,True
./results/O33PUBLISHED_N4P7_D5000_W10.DONE,e3b0c44298fc1c149afbf4c8996fb92427ae41e4649b934ca495991b7852b855,e3b0c44298fc1c149afbf4c8996fb92427ae41e4649b934ca495991b7852b855,True
./results/O33PUBLISHED_N4P7_D5000_W10.returncode.txt,9a271f2a916b0b6ee6cecb2426f0b3206ef074578be55d9bc94f6f3fe3ab86aa,9a271f2a916b0b6ee6cecb2426f0b3206ef074578be55d9bc94f6f3fe3ab86aa,True
./results/O33PUBLISHED_N4P7_D5000_W10.txt,df61a8b1eb8f342a599444d7ca32dba3e91f62a8f6f3b91a635ceeb422396656,df61a8b1eb8f342a599444d7ca32dba3e91f62a8f6f3b91a635ceeb422396656,True
./results/O33R71_N4P7_D1000_W10.command.sh,fc1fdfd6500949ab000b947bc42bfab748db87173bfc89e24d7e3e173ce23b1a,fc1fdfd6500949ab000b947bc42bfab748db87173bfc89e24d7e3e173ce23b1a,True
./results/O33R71_N4P7_D1000_W10.console.log,9238996cd0402c10d96e0b530279590465463fdfa412c57780b850fd0d572a57,9238996cd0402c10d96e0b530279590465463fdfa412c57780b850fd0d572a57,True
./results/O33R71_N4P7_D1000_W10.DONE,e3b0c44298fc1c149afbf4c8996fb92427ae41e4649b934ca495991b7852b855,e3b0c44298fc1c149afbf4c8996fb92427ae41e4649b934ca495991b7852b855,True
./results/O33R71_N4P7_D1000_W10.returncode.txt,9a271f2a916b0b6ee6cecb2426f0b3206ef074578be55d9bc94f6f3fe3ab86aa,9a271f2a916b0b6ee6cecb2426f0b3206ef074578be55d9bc94f6f3fe3ab86aa,True
./results/O33R71_N4P7_D1000_W10.txt,bea4c3a644039dc95dd47326b0711148240bd917fde82637995d7cef131f8c50,bea4c3a644039dc95dd47326b0711148240bd917fde82637995d7cef131f8c50,True
./results/O33R71_N4P7_D10000_W10.command.sh,ce21a300cfd440a44b19fb07e909477f03ac07179992c08e37f929f6d2e1d5fc,ce21a300cfd440a44b19fb07e909477f03ac07179992c08e37f929f6d2e1d5fc,True
./results/O33R71_N4P7_D10000_W10.console.log,da4cf0c4c779df1e982b8204feacee4662b478cd3fc14db9205c05822a46b63e,da4cf0c4c779df1e982b8204feacee4662b478cd3fc14db9205c05822a46b63e,True
./results/O33R71_N4P7_D10000_W10.DONE,e3b0c44298fc1c149afbf4c8996fb92427ae41e4649b934ca495991b7852b855,e3b0c44298fc1c149afbf4c8996fb92427ae41e4649b934ca495991b7852b855,True
./results/O33R71_N4P7_D10000_W10.returncode.txt,9a271f2a916b0b6ee6cecb2426f0b3206ef074578be55d9bc94f6f3fe3ab86aa,9a271f2a916b0b6ee6cecb2426f0b3206ef074578be55d9bc94f6f3fe3ab86aa,True
./results/O33R71_N4P7_D10000_W10.txt,aaaece75577f5c71caa939cec3b951a0fd1179d352e460a1980786c1180b0401,aaaece75577f5c71caa939cec3b951a0fd1179d352e460a1980786c1180b0401,True
./results/O33R71_N4P7_D5000_W10.command.sh,7c90ec531e1b05295f5c5128f7737514e0a6b67917db6ee3103f2953356df1f8,7c90ec531e1b05295f5c5128f7737514e0a6b67917db6ee3103f2953356df1f8,True
./results/O33R71_N4P7_D5000_W10.console.log,3f046fdc71f7fb3f8a6300a9af71a4e2f7cd93482cbd54838e528db55e1d0993,3f046fdc71f7fb3f8a6300a9af71a4e2f7cd93482cbd54838e528db55e1d0993,True
./results/O33R71_N4P7_D5000_W10.DONE,e3b0c44298fc1c149afbf4c8996fb92427ae41e4649b934ca495991b7852b855,e3b0c44298fc1c149afbf4c8996fb92427ae41e4649b934ca495991b7852b855,True
./results/O33R71_N4P7_D5000_W10.returncode.txt,9a271f2a916b0b6ee6cecb2426f0b3206ef074578be55d9bc94f6f3fe3ab86aa,9a271f2a916b0b6ee6cecb2426f0b3206ef074578be55d9bc94f6f3fe3ab86aa,True
./results/O33R71_N4P7_D5000_W10.txt,db01f27fda117c40377c3d7ba33f8a1f924b76994d41d07a370239fd381b5675,db01f27fda117c40377c3d7ba33f8a1f924b76994d41d07a370239fd381b5675,True
./results/O33R71_N4P7_D5000_W5.command.sh,b3fee1e1ecb9997675556dfe3b1e75e9ac5577c415aaad5c777e87428e171dac,b3fee1e1ecb9997675556dfe3b1e75e9ac5577c415aaad5c777e87428e171dac,True
./results/O33R71_N4P7_D5000_W5.console.log,8cd0d43c4bddeb7b14ef083dc43bd0f15db97769aaf49a22fda428200a22ad56,8cd0d43c4bddeb7b14ef083dc43bd0f15db97769aaf49a22fda428200a22ad56,True
./results/O33R71_N4P7_D5000_W5.DONE,e3b0c44298fc1c149afbf4c8996fb92427ae41e4649b934ca495991b7852b855,e3b0c44298fc1c149afbf4c8996fb92427ae41e4649b934ca495991b7852b855,True
./results/O33R71_N4P7_D5000_W5.returncode.txt,9a271f2a916b0b6ee6cecb2426f0b3206ef074578be55d9bc94f6f3fe3ab86aa,9a271f2a916b0b6ee6cecb2426f0b3206ef074578be55d9bc94f6f3fe3ab86aa,True
./results/O33R71_N4P7_D5000_W5.txt,61ba5dfc0cb1840db116d3f2abd6992aa01be478dbc3d836342ef566d66fadca,61ba5dfc0cb1840db116d3f2abd6992aa01be478dbc3d836342ef566d66fadca,True
./results/R26M71_N4P7_D5000_W10.command.sh,0e8179071af5d9d7c8c1e4e8976ff3af0be72d30d8e8ba72964991dc946408a3,0e8179071af5d9d7c8c1e4e8976ff3af0be72d30d8e8ba72964991dc946408a3,True
./results/R26M71_N4P7_D5000_W10.console.log,24bee1ae5083dee55d00e496883486297638b33e7ecdf804b93ca4eaeed017bb,24bee1ae5083dee55d00e496883486297638b33e7ecdf804b93ca4eaeed017bb,True
./results/R26M71_N4P7_D5000_W10.DONE,e3b0c44298fc1c149afbf4c8996fb92427ae41e4649b934ca495991b7852b855,e3b0c44298fc1c149afbf4c8996fb92427ae41e4649b934ca495991b7852b855,True
./results/R26M71_N4P7_D5000_W10.returncode.txt,9a271f2a916b0b6ee6cecb2426f0b3206ef074578be55d9bc94f6f3fe3ab86aa,9a271f2a916b0b6ee6cecb2426f0b3206ef074578be55d9bc94f6f3fe3ab86aa,True
./results/R26M71_N4P7_D5000_W10.txt,0813e2dee282f5ed5456d63ce1c87eb3c8ea08fe65f8dbc3d2d211746ce0ec9d,0813e2dee282f5ed5456d63ce1c87eb3c8ea08fe65f8dbc3d2d211746ce0ec9d,True
./results/R27_N4P7_D1000_W10.command.sh,7344c5fda0b11108360a1ac3bf8c79b79f17eb60a9fd15bed36afd99de3b8e41,7344c5fda0b11108360a1ac3bf8c79b79f17eb60a9fd15bed36afd99de3b8e41,True
./results/R27_N4P7_D1000_W10.console.log,6fcfe71f9fc368c02240864136b82af5af35cb303fc48df7d157b9a4d20d1bff,6fcfe71f9fc368c02240864136b82af5af35cb303fc48df7d157b9a4d20d1bff,True
./results/R27_N4P7_D1000_W10.DONE,e3b0c44298fc1c149afbf4c8996fb92427ae41e4649b934ca495991b7852b855,e3b0c44298fc1c149afbf4c8996fb92427ae41e4649b934ca495991b7852b855,True
./results/R27_N4P7_D1000_W10.returncode.txt,9a271f2a916b0b6ee6cecb2426f0b3206ef074578be55d9bc94f6f3fe3ab86aa,9a271f2a916b0b6ee6cecb2426f0b3206ef074578be55d9bc94f6f3fe3ab86aa,True
./results/R27_N4P7_D1000_W10.txt,00f69c282785ae751f41ab84150753d9f455910b5fe73fc4295de04e97489003,00f69c282785ae751f41ab84150753d9f455910b5fe73fc4295de04e97489003,True
./results/R27_N4P7_D10000_W10.command.sh,8ac842b01f643e79ea4e895477527bb2967a597c981feccfe3235436661ec421,8ac842b01f643e79ea4e895477527bb2967a597c981feccfe3235436661ec421,True
./results/R27_N4P7_D10000_W10.console.log,88deca150d49e2536673db8fd1a558abf2099dacb34351e59bcbce09b297e3c4,88deca150d49e2536673db8fd1a558abf2099dacb34351e59bcbce09b297e3c4,True
./results/R27_N4P7_D10000_W10.DONE,e3b0c44298fc1c149afbf4c8996fb92427ae41e4649b934ca495991b7852b855,e3b0c44298fc1c149afbf4c8996fb92427ae41e4649b934ca495991b7852b855,True
./results/R27_N4P7_D10000_W10.returncode.txt,9a271f2a916b0b6ee6cecb2426f0b3206ef074578be55d9bc94f6f3fe3ab86aa,9a271f2a916b0b6ee6cecb2426f0b3206ef074578be55d9bc94f6f3fe3ab86aa,True
./results/R27_N4P7_D10000_W10.txt,9de925ab036d469dad9334524e1c079fea86f5a60ef1d5c02593d2af6450e066,9de925ab036d469dad9334524e1c079fea86f5a60ef1d5c02593d2af6450e066,True
./results/R27_N4P7_D5000_W10.command.sh,66ecf980aa6d1a6352a8020ac1871075820c90de44195b98f2660d484b012e56,66ecf980aa6d1a6352a8020ac1871075820c90de44195b98f2660d484b012e56,True
./results/R27_N4P7_D5000_W10.console.log,532cfaeabb10c4ab883f2031c2c54cb75cf7ed3f01bedbe8f6c5ea5c9a363301,532cfaeabb10c4ab883f2031c2c54cb75cf7ed3f01bedbe8f6c5ea5c9a363301,True
./results/R27_N4P7_D5000_W10.DONE,e3b0c44298fc1c149afbf4c8996fb92427ae41e4649b934ca495991b7852b855,e3b0c44298fc1c149afbf4c8996fb92427ae41e4649b934ca495991b7852b855,True
./results/R27_N4P7_D5000_W10.returncode.txt,9a271f2a916b0b6ee6cecb2426f0b3206ef074578be55d9bc94f6f3fe3ab86aa,9a271f2a916b0b6ee6cecb2426f0b3206ef074578be55d9bc94f6f3fe3ab86aa,True
./results/R27_N4P7_D5000_W10.txt,6638848a82dc6325931441b1d1b14e7b269f9086ca6ead0c878128a31eb42a56,6638848a82dc6325931441b1d1b14e7b269f9086ca6ead0c878128a31eb42a56,True
./RUN_ENVIRONMENT.txt,94dd8e11136572830cf26374c7f70c218b7ccf76d78ae09daa55f01568e41602,94dd8e11136572830cf26374c7f70c218b7ccf76d78ae09daa55f01568e41602,True
