run,map,n,D_m,window,N,map_n,source,displacement_m,family,method,median_m,effect_pct,line
O32M71_N4P7_D5000_W10,official32_minus71.json,4.7,5000,10,2498,32,results/O32M71_N4P7_D5000_W10.txt,250,iso,WCL,727.0,22.4,223
O32M71_N4P7_D5000_W10,official32_minus71.json,4.7,5000,10,2498,32,results/O32M71_N4P7_D5000_W10.txt,250,iso,ABS,624.0,12.3,223
O32M71_N4P7_D5000_W10,official32_minus71.json,4.7,5000,10,2498,32,results/O32M71_N4P7_D5000_W10.txt,250,iso,DIFF,1363.0,25.9,223
O32M71_N4P7_D5000_W10,official32_minus71.json,4.7,5000,10,2498,32,results/O32M71_N4P7_D5000_W10.txt,250,iso,Min-Max,560.0,16.9,223
O32M71_N4P7_D5000_W10,official32_minus71.json,4.7,5000,10,2498,32,results/O32M71_N4P7_D5000_W10.txt,250,coherent,WCL,513.0,-13.7,224
O32M71_N4P7_D5000_W10,official32_minus71.json,4.7,5000,10,2498,32,results/O32M71_N4P7_D5000_W10.txt,250,coherent,ABS,542.0,-2.5,224
O32M71_N4P7_D5000_W10,official32_minus71.json,4.7,5000,10,2498,32,results/O32M71_N4P7_D5000_W10.txt,250,coherent,DIFF,1001.0,-7.5,224
O32M71_N4P7_D5000_W10,official32_minus71.json,4.7,5000,10,2498,32,results/O32M71_N4P7_D5000_W10.txt,250,coherent,Min-Max,443.0,-7.5,224
O32M71_N4P7_D5000_W10,official32_minus71.json,4.7,5000,10,2498,32,results/O32M71_N4P7_D5000_W10.txt,250,inward,WCL,635.0,6.9,225
O32M71_N4P7_D5000_W10,official32_minus71.json,4.7,5000,10,2498,32,results/O32M71_N4P7_D5000_W10.txt,250,inward,ABS,651.0,17.1,225
O32M71_N4P7_D5000_W10,official32_minus71.json,4.7,5000,10,2498,32,results/O32M71_N4P7_D5000_W10.txt,250,inward,DIFF,1125.0,3.9,225
O32M71_N4P7_D5000_W10,official32_minus71.json,4.7,5000,10,2498,32,results/O32M71_N4P7_D5000_W10.txt,250,inward,Min-Max,512.0,6.9,225
O32M71_N4P7_D5000_W10,official32_minus71.json,4.7,5000,10,2498,32,results/O32M71_N4P7_D5000_W10.txt,500,iso,WCL,680.0,14.5,226
O32M71_N4P7_D5000_W10,official32_minus71.json,4.7,5000,10,2498,32,results/O32M71_N4P7_D5000_W10.txt,500,iso,ABS,634.0,14.0,226
O32M71_N4P7_D5000_W10,official32_minus71.json,4.7,5000,10,2498,32,results/O32M71_N4P7_D5000_W10.txt,500,iso,DIFF,1388.0,28.2,226
O32M71_N4P7_D5000_W10,official32_minus71.json,4.7,5000,10,2498,32,results/O32M71_N4P7_D5000_W10.txt,500,iso,Min-Max,508.0,6.2,226
O32M71_N4P7_D5000_W10,official32_minus71.json,4.7,5000,10,2498,32,results/O32M71_N4P7_D5000_W10.txt,500,coherent,WCL,588.0,-1.0,227
O32M71_N4P7_D5000_W10,official32_minus71.json,4.7,5000,10,2498,32,results/O32M71_N4P7_D5000_W10.txt,500,coherent,ABS,662.0,19.1,227
O32M71_N4P7_D5000_W10,official32_minus71.json,4.7,5000,10,2498,32,results/O32M71_N4P7_D5000_W10.txt,500,coherent,DIFF,1144.0,5.6,227
O32M71_N4P7_D5000_W10,official32_minus71.json,4.7,5000,10,2498,32,results/O32M71_N4P7_D5000_W10.txt,500,coherent,Min-Max,538.0,12.4,227
O32M71_N4P7_D5000_W10,official32_minus71.json,4.7,5000,10,2498,32,results/O32M71_N4P7_D5000_W10.txt,500,inward,WCL,674.0,13.6,228
O32M71_N4P7_D5000_W10,official32_minus71.json,4.7,5000,10,2498,32,results/O32M71_N4P7_D5000_W10.txt,500,inward,ABS,879.0,58.2,228
O32M71_N4P7_D5000_W10,official32_minus71.json,4.7,5000,10,2498,32,results/O32M71_N4P7_D5000_W10.txt,500,inward,DIFF,1304.0,20.4,228
O32M71_N4P7_D5000_W10,official32_minus71.json,4.7,5000,10,2498,32,results/O32M71_N4P7_D5000_W10.txt,500,inward,Min-Max,611.0,27.7,228
O32M71_N4P7_D5000_W10,official32_minus71.json,4.7,5000,10,2498,32,results/O32M71_N4P7_D5000_W10.txt,1000,iso,WCL,928.0,56.4,229
O32M71_N4P7_D5000_W10,official32_minus71.json,4.7,5000,10,2498,32,results/O32M71_N4P7_D5000_W10.txt,1000,iso,ABS,832.0,49.7,229
O32M71_N4P7_D5000_W10,official32_minus71.json,4.7,5000,10,2498,32,results/O32M71_N4P7_D5000_W10.txt,1000,iso,DIFF,1819.0,68.0,229
O32M71_N4P7_D5000_W10,official32_minus71.json,4.7,5000,10,2498,32,results/O32M71_N4P7_D5000_W10.txt,1000,iso,Min-Max,622.0,29.8,229
O32M71_N4P7_D5000_W10,official32_minus71.json,4.7,5000,10,2498,32,results/O32M71_N4P7_D5000_W10.txt,1000,coherent,WCL,924.0,55.7,230
O32M71_N4P7_D5000_W10,official32_minus71.json,4.7,5000,10,2498,32,results/O32M71_N4P7_D5000_W10.txt,1000,coherent,ABS,987.0,77.7,230
O32M71_N4P7_D5000_W10,official32_minus71.json,4.7,5000,10,2498,32,results/O32M71_N4P7_D5000_W10.txt,1000,coherent,DIFF,1524.0,40.8,230
O32M71_N4P7_D5000_W10,official32_minus71.json,4.7,5000,10,2498,32,results/O32M71_N4P7_D5000_W10.txt,1000,coherent,Min-Max,900.0,88.0,230
O32M71_N4P7_D5000_W10,official32_minus71.json,4.7,5000,10,2498,32,results/O32M71_N4P7_D5000_W10.txt,1000,inward,WCL,995.0,67.6,231
O32M71_N4P7_D5000_W10,official32_minus71.json,4.7,5000,10,2498,32,results/O32M71_N4P7_D5000_W10.txt,1000,inward,ABS,1012.0,82.1,231
O32M71_N4P7_D5000_W10,official32_minus71.json,4.7,5000,10,2498,32,results/O32M71_N4P7_D5000_W10.txt,1000,inward,DIFF,1450.0,33.9,231
O32M71_N4P7_D5000_W10,official32_minus71.json,4.7,5000,10,2498,32,results/O32M71_N4P7_D5000_W10.txt,1000,inward,Min-Max,898.0,87.6,231
O32M71_N4P7_D5000_W10,official32_minus71.json,4.7,5000,10,2498,32,results/O32M71_N4P7_D5000_W10.txt,2500,iso,WCL,1795.0,202.4,232
O32M71_N4P7_D5000_W10,official32_minus71.json,4.7,5000,10,2498,32,results/O32M71_N4P7_D5000_W10.txt,2500,iso,ABS,953.0,71.6,232
O32M71_N4P7_D5000_W10,official32_minus71.json,4.7,5000,10,2498,32,results/O32M71_N4P7_D5000_W10.txt,2500,iso,DIFF,1447.0,33.6,232
O32M71_N4P7_D5000_W10,official32_minus71.json,4.7,5000,10,2498,32,results/O32M71_N4P7_D5000_W10.txt,2500,iso,Min-Max,1288.0,168.9,232
O32M71_N4P7_D5000_W10,official32_minus71.json,4.7,5000,10,2498,32,results/O32M71_N4P7_D5000_W10.txt,2500,coherent,WCL,2079.0,250.1,233
O32M71_N4P7_D5000_W10,official32_minus71.json,4.7,5000,10,2498,32,results/O32M71_N4P7_D5000_W10.txt,2500,coherent,ABS,1675.0,201.5,233
O32M71_N4P7_D5000_W10,official32_minus71.json,4.7,5000,10,2498,32,results/O32M71_N4P7_D5000_W10.txt,2500,coherent,DIFF,2332.0,115.4,233
O32M71_N4P7_D5000_W10,official32_minus71.json,4.7,5000,10,2498,32,results/O32M71_N4P7_D5000_W10.txt,2500,coherent,Min-Max,2096.0,337.6,233
O32M71_N4P7_D5000_W10,official32_minus71.json,4.7,5000,10,2498,32,results/O32M71_N4P7_D5000_W10.txt,2500,inward,WCL,1475.0,148.4,234
O32M71_N4P7_D5000_W10,official32_minus71.json,4.7,5000,10,2498,32,results/O32M71_N4P7_D5000_W10.txt,2500,inward,ABS,1455.0,161.9,234
O32M71_N4P7_D5000_W10,official32_minus71.json,4.7,5000,10,2498,32,results/O32M71_N4P7_D5000_W10.txt,2500,inward,DIFF,1960.0,81.0,234
O32M71_N4P7_D5000_W10,official32_minus71.json,4.7,5000,10,2498,32,results/O32M71_N4P7_D5000_W10.txt,2500,inward,Min-Max,1488.0,210.7,234
O32M71_N4P7_D5000_W10,official32_minus71.json,4.7,5000,10,2498,32,results/O32M71_N4P7_D5000_W10.txt,5000,iso,WCL,2408.0,305.6,235
O32M71_N4P7_D5000_W10,official32_minus71.json,4.7,5000,10,2498,32,results/O32M71_N4P7_D5000_W10.txt,5000,iso,ABS,1614.0,190.4,235
O32M71_N4P7_D5000_W10,official32_minus71.json,4.7,5000,10,2498,32,results/O32M71_N4P7_D5000_W10.txt,5000,iso,DIFF,1823.0,68.4,235
O32M71_N4P7_D5000_W10,official32_minus71.json,4.7,5000,10,2498,32,results/O32M71_N4P7_D5000_W10.txt,5000,iso,Min-Max,1323.0,176.4,235
O32M71_N4P7_D5000_W10,official32_minus71.json,4.7,5000,10,2498,32,results/O32M71_N4P7_D5000_W10.txt,5000,coherent,WCL,4563.0,668.5,236
O32M71_N4P7_D5000_W10,official32_minus71.json,4.7,5000,10,2498,32,results/O32M71_N4P7_D5000_W10.txt,5000,coherent,ABS,1822.0,227.9,236
O32M71_N4P7_D5000_W10,official32_minus71.json,4.7,5000,10,2498,32,results/O32M71_N4P7_D5000_W10.txt,5000,coherent,DIFF,4416.0,307.9,236
O32M71_N4P7_D5000_W10,official32_minus71.json,4.7,5000,10,2498,32,results/O32M71_N4P7_D5000_W10.txt,5000,coherent,Min-Max,4570.0,854.3,236
O32M71_N4P7_D5000_W10,official32_minus71.json,4.7,5000,10,2498,32,results/O32M71_N4P7_D5000_W10.txt,5000,inward,WCL,3230.0,443.9,237
O32M71_N4P7_D5000_W10,official32_minus71.json,4.7,5000,10,2498,32,results/O32M71_N4P7_D5000_W10.txt,5000,inward,ABS,2545.0,358.1,237
O32M71_N4P7_D5000_W10,official32_minus71.json,4.7,5000,10,2498,32,results/O32M71_N4P7_D5000_W10.txt,5000,inward,DIFF,2468.0,127.9,237
O32M71_N4P7_D5000_W10,official32_minus71.json,4.7,5000,10,2498,32,results/O32M71_N4P7_D5000_W10.txt,5000,inward,Min-Max,3105.0,548.4,237
O32M71_N4P7_D5000_W10,official32_minus71.json,4.7,5000,10,2498,32,results/O32M71_N4P7_D5000_W10.txt,10000,iso,WCL,6374.0,973.6,238
O32M71_N4P7_D5000_W10,official32_minus71.json,4.7,5000,10,2498,32,results/O32M71_N4P7_D5000_W10.txt,10000,iso,ABS,2941.0,429.3,238
O32M71_N4P7_D5000_W10,official32_minus71.json,4.7,5000,10,2498,32,results/O32M71_N4P7_D5000_W10.txt,10000,iso,DIFF,3338.0,208.3,238
O32M71_N4P7_D5000_W10,official32_minus71.json,4.7,5000,10,2498,32,results/O32M71_N4P7_D5000_W10.txt,10000,iso,Min-Max,3200.0,568.3,238
O32M71_N4P7_D5000_W10,official32_minus71.json,4.7,5000,10,2498,32,results/O32M71_N4P7_D5000_W10.txt,10000,coherent,WCL,9732.0,1539.1,239
O32M71_N4P7_D5000_W10,official32_minus71.json,4.7,5000,10,2498,32,results/O32M71_N4P7_D5000_W10.txt,10000,coherent,ABS,4809.0,765.4,239
O32M71_N4P7_D5000_W10,official32_minus71.json,4.7,5000,10,2498,32,results/O32M71_N4P7_D5000_W10.txt,10000,coherent,DIFF,9823.0,807.3,239
O32M71_N4P7_D5000_W10,official32_minus71.json,4.7,5000,10,2498,32,results/O32M71_N4P7_D5000_W10.txt,10000,coherent,Min-Max,9706.0,1926.9,239
O32M71_N4P7_D5000_W10,official32_minus71.json,4.7,5000,10,2498,32,results/O32M71_N4P7_D5000_W10.txt,10000,inward,WCL,8062.0,1257.9,240
O32M71_N4P7_D5000_W10,official32_minus71.json,4.7,5000,10,2498,32,results/O32M71_N4P7_D5000_W10.txt,10000,inward,ABS,4868.0,776.2,240
O32M71_N4P7_D5000_W10,official32_minus71.json,4.7,5000,10,2498,32,results/O32M71_N4P7_D5000_W10.txt,10000,inward,DIFF,5764.0,432.3,240
O32M71_N4P7_D5000_W10,official32_minus71.json,4.7,5000,10,2498,32,results/O32M71_N4P7_D5000_W10.txt,10000,inward,Min-Max,7495.0,1465.1,240
O32M71_N4P7_D5000_W10,official32_minus71.json,4.7,5000,10,2498,32,results/O32M71_N4P7_D5000_W10.txt,250,outward,WCL,566.0,-4.7,289
O32M71_N4P7_D5000_W10,official32_minus71.json,4.7,5000,10,2498,32,results/O32M71_N4P7_D5000_W10.txt,250,outward,ABS,523.0,-5.9,289
O32M71_N4P7_D5000_W10,official32_minus71.json,4.7,5000,10,2498,32,results/O32M71_N4P7_D5000_W10.txt,250,outward,DIFF,1045.0,-3.5,289
O32M71_N4P7_D5000_W10,official32_minus71.json,4.7,5000,10,2498,32,results/O32M71_N4P7_D5000_W10.txt,250,outward,Min-Max,469.0,-2.0,289
O32M71_N4P7_D5000_W10,official32_minus71.json,4.7,5000,10,2498,32,results/O32M71_N4P7_D5000_W10.txt,250,iso x8 med,WCL,597.0,0.6,290
O32M71_N4P7_D5000_W10,official32_minus71.json,4.7,5000,10,2498,32,results/O32M71_N4P7_D5000_W10.txt,250,iso x8 med,ABS,586.0,5.6,290
O32M71_N4P7_D5000_W10,official32_minus71.json,4.7,5000,10,2498,32,results/O32M71_N4P7_D5000_W10.txt,250,iso x8 med,DIFF,1153.0,6.5,290
O32M71_N4P7_D5000_W10,official32_minus71.json,4.7,5000,10,2498,32,results/O32M71_N4P7_D5000_W10.txt,250,iso x8 med,Min-Max,487.0,1.7,290
O32M71_N4P7_D5000_W10,official32_minus71.json,4.7,5000,10,2498,32,results/O32M71_N4P7_D5000_W10.txt,500,outward,WCL,591.0,-0.4,291
O32M71_N4P7_D5000_W10,official32_minus71.json,4.7,5000,10,2498,32,results/O32M71_N4P7_D5000_W10.txt,500,outward,ABS,660.0,18.8,291
O32M71_N4P7_D5000_W10,official32_minus71.json,4.7,5000,10,2498,32,results/O32M71_N4P7_D5000_W10.txt,500,outward,DIFF,1112.0,2.7,291
O32M71_N4P7_D5000_W10,official32_minus71.json,4.7,5000,10,2498,32,results/O32M71_N4P7_D5000_W10.txt,500,outward,Min-Max,515.0,7.5,291
O32M71_N4P7_D5000_W10,official32_minus71.json,4.7,5000,10,2498,32,results/O32M71_N4P7_D5000_W10.txt,500,iso x8 med,WCL,594.0,0.1,292
O32M71_N4P7_D5000_W10,official32_minus71.json,4.7,5000,10,2498,32,results/O32M71_N4P7_D5000_W10.txt,500,iso x8 med,ABS,611.0,10.0,292
O32M71_N4P7_D5000_W10,official32_minus71.json,4.7,5000,10,2498,32,results/O32M71_N4P7_D5000_W10.txt,500,iso x8 med,DIFF,1166.0,7.7,292
O32M71_N4P7_D5000_W10,official32_minus71.json,4.7,5000,10,2498,32,results/O32M71_N4P7_D5000_W10.txt,500,iso x8 med,Min-Max,494.0,3.1,292
O32M71_N4P7_D5000_W10,official32_minus71.json,4.7,5000,10,2498,32,results/O32M71_N4P7_D5000_W10.txt,1000,outward,WCL,897.0,51.1,293
O32M71_N4P7_D5000_W10,official32_minus71.json,4.7,5000,10,2498,32,results/O32M71_N4P7_D5000_W10.txt,1000,outward,ABS,784.0,41.1,293
O32M71_N4P7_D5000_W10,official32_minus71.json,4.7,5000,10,2498,32,results/O32M71_N4P7_D5000_W10.txt,1000,outward,DIFF,1469.0,35.7,293
O32M71_N4P7_D5000_W10,official32_minus71.json,4.7,5000,10,2498,32,results/O32M71_N4P7_D5000_W10.txt,1000,outward,Min-Max,854.0,78.3,293
O32M71_N4P7_D5000_W10,official32_minus71.json,4.7,5000,10,2498,32,results/O32M71_N4P7_D5000_W10.txt,1000,iso x8 med,WCL,841.0,41.7,294
O32M71_N4P7_D5000_W10,official32_minus71.json,4.7,5000,10,2498,32,results/O32M71_N4P7_D5000_W10.txt,1000,iso x8 med,ABS,800.0,43.9,294
O32M71_N4P7_D5000_W10,official32_minus71.json,4.7,5000,10,2498,32,results/O32M71_N4P7_D5000_W10.txt,1000,iso x8 med,DIFF,1577.0,45.7,294
O32M71_N4P7_D5000_W10,official32_minus71.json,4.7,5000,10,2498,32,results/O32M71_N4P7_D5000_W10.txt,1000,iso x8 med,Min-Max,627.0,30.9,294
O32M71_N4P7_D5000_W10,official32_minus71.json,4.7,5000,10,2498,32,results/O32M71_N4P7_D5000_W10.txt,2500,outward,WCL,2179.0,267.0,295
O32M71_N4P7_D5000_W10,official32_minus71.json,4.7,5000,10,2498,32,results/O32M71_N4P7_D5000_W10.txt,2500,outward,ABS,1025.0,84.4,295
O32M71_N4P7_D5000_W10,official32_minus71.json,4.7,5000,10,2498,32,results/O32M71_N4P7_D5000_W10.txt,2500,outward,DIFF,1667.0,54.0,295
O32M71_N4P7_D5000_W10,official32_minus71.json,4.7,5000,10,2498,32,results/O32M71_N4P7_D5000_W10.txt,2500,outward,Min-Max,1900.0,296.8,295
O32M71_N4P7_D5000_W10,official32_minus71.json,4.7,5000,10,2498,32,results/O32M71_N4P7_D5000_W10.txt,2500,iso x8 med,WCL,1622.0,173.2,296
O32M71_N4P7_D5000_W10,official32_minus71.json,4.7,5000,10,2498,32,results/O32M71_N4P7_D5000_W10.txt,2500,iso x8 med,ABS,1141.0,105.4,296
O32M71_N4P7_D5000_W10,official32_minus71.json,4.7,5000,10,2498,32,results/O32M71_N4P7_D5000_W10.txt,2500,iso x8 med,DIFF,1807.0,66.9,296
O32M71_N4P7_D5000_W10,official32_minus71.json,4.7,5000,10,2498,32,results/O32M71_N4P7_D5000_W10.txt,2500,iso x8 med,Min-Max,1159.0,142.0,296
O32M71_N4P7_D5000_W10,official32_minus71.json,4.7,5000,10,2498,32,results/O32M71_N4P7_D5000_W10.txt,5000,outward,WCL,4526.0,662.2,297
O32M71_N4P7_D5000_W10,official32_minus71.json,4.7,5000,10,2498,32,results/O32M71_N4P7_D5000_W10.txt,5000,outward,ABS,1709.0,207.7,297
O32M71_N4P7_D5000_W10,official32_minus71.json,4.7,5000,10,2498,32,results/O32M71_N4P7_D5000_W10.txt,5000,outward,DIFF,1996.0,84.4,297
O32M71_N4P7_D5000_W10,official32_minus71.json,4.7,5000,10,2498,32,results/O32M71_N4P7_D5000_W10.txt,5000,outward,Min-Max,4037.0,742.9,297
O32M71_N4P7_D5000_W10,official32_minus71.json,4.7,5000,10,2498,32,results/O32M71_N4P7_D5000_W10.txt,5000,iso x8 med,WCL,2809.0,373.0,298
O32M71_N4P7_D5000_W10,official32_minus71.json,4.7,5000,10,2498,32,results/O32M71_N4P7_D5000_W10.txt,5000,iso x8 med,ABS,1450.0,160.9,298
O32M71_N4P7_D5000_W10,official32_minus71.json,4.7,5000,10,2498,32,results/O32M71_N4P7_D5000_W10.txt,5000,iso x8 med,DIFF,1741.0,60.8,298
O32M71_N4P7_D5000_W10,official32_minus71.json,4.7,5000,10,2498,32,results/O32M71_N4P7_D5000_W10.txt,5000,iso x8 med,Min-Max,1651.0,244.7,298
O32M71_N4P7_D5000_W10,official32_minus71.json,4.7,5000,10,2498,32,results/O32M71_N4P7_D5000_W10.txt,10000,outward,WCL,9213.0,1451.6,299
O32M71_N4P7_D5000_W10,official32_minus71.json,4.7,5000,10,2498,32,results/O32M71_N4P7_D5000_W10.txt,10000,outward,ABS,5390.0,870.2,299
O32M71_N4P7_D5000_W10,official32_minus71.json,4.7,5000,10,2498,32,results/O32M71_N4P7_D5000_W10.txt,10000,outward,DIFF,5926.0,447.4,299
O32M71_N4P7_D5000_W10,official32_minus71.json,4.7,5000,10,2498,32,results/O32M71_N4P7_D5000_W10.txt,10000,outward,Min-Max,8268.0,1626.6,299
O32M71_N4P7_D5000_W10,official32_minus71.json,4.7,5000,10,2498,32,results/O32M71_N4P7_D5000_W10.txt,10000,iso x8 med,WCL,5631.0,848.4,300
O32M71_N4P7_D5000_W10,official32_minus71.json,4.7,5000,10,2498,32,results/O32M71_N4P7_D5000_W10.txt,10000,iso x8 med,ABS,2728.0,391.0,300
O32M71_N4P7_D5000_W10,official32_minus71.json,4.7,5000,10,2498,32,results/O32M71_N4P7_D5000_W10.txt,10000,iso x8 med,DIFF,3034.0,180.2,300
O32M71_N4P7_D5000_W10,official32_minus71.json,4.7,5000,10,2498,32,results/O32M71_N4P7_D5000_W10.txt,10000,iso x8 med,Min-Max,3019.0,530.3,300
