substrate,method,arm,draw,seed,baseline_m,median_error_m,change_pct,source_file,source_sha256
recovered29,WCL,exact_profile_random_directions,0,7750,597.6726773737064,628.8691099556595,5.219651786499005,rotation/opcenter_raw/recovered29__opcenter_exact_iso_7750.npz,6e3520e65eac4b28d16ed3ee98f19b49459120275d508003f66ff1af6e95e488
recovered29,ABS,exact_profile_random_directions,0,7750,641.0128583786435,641.0615891562517,0.007602152900868273,rotation/opcenter_raw/recovered29__opcenter_exact_iso_7750.npz,6e3520e65eac4b28d16ed3ee98f19b49459120275d508003f66ff1af6e95e488
recovered29,DIFF,exact_profile_random_directions,0,7750,963.9527294587203,1051.074151982647,9.037935145725157,rotation/opcenter_raw/recovered29__opcenter_exact_iso_7750.npz,6e3520e65eac4b28d16ed3ee98f19b49459120275d508003f66ff1af6e95e488
recovered29,Min-Max,exact_profile_random_directions,0,7750,466.00552668865595,472.7863386871235,1.4550926137401523,rotation/opcenter_raw/recovered29__opcenter_exact_iso_7750.npz,6e3520e65eac4b28d16ed3ee98f19b49459120275d508003f66ff1af6e95e488
recovered29,WCL,exact_profile_random_directions,1,7763,597.6726773737064,608.0458814913634,1.7355995196633274,rotation/opcenter_raw/recovered29__opcenter_exact_iso_7763.npz,9173483333c5ebb16b6419a88798b1cf6e5c15a9e1da0e227227d2d3facdb03e
recovered29,ABS,exact_profile_random_directions,1,7763,641.0128583786435,642.6904882778774,0.2617154831304417,rotation/opcenter_raw/recovered29__opcenter_exact_iso_7763.npz,9173483333c5ebb16b6419a88798b1cf6e5c15a9e1da0e227227d2d3facdb03e
recovered29,DIFF,exact_profile_random_directions,1,7763,963.9527294587203,893.3367526945985,-7.325668013178836,rotation/opcenter_raw/recovered29__opcenter_exact_iso_7763.npz,9173483333c5ebb16b6419a88798b1cf6e5c15a9e1da0e227227d2d3facdb03e
recovered29,Min-Max,exact_profile_random_directions,1,7763,466.00552668865595,463.86455012092034,-0.4594315829146849,rotation/opcenter_raw/recovered29__opcenter_exact_iso_7763.npz,9173483333c5ebb16b6419a88798b1cf6e5c15a9e1da0e227227d2d3facdb03e
recovered29,WCL,exact_profile_random_directions,2,7776,597.6726773737064,664.1897492748056,11.129347955705223,rotation/opcenter_raw/recovered29__opcenter_exact_iso_7776.npz,cf458ac3161514c3805d274b957a5dad63a02bc6cbe00cfdd71c9ce3023bcaf9
recovered29,ABS,exact_profile_random_directions,2,7776,641.0128583786435,671.2851211037355,4.722567157492229,rotation/opcenter_raw/recovered29__opcenter_exact_iso_7776.npz,cf458ac3161514c3805d274b957a5dad63a02bc6cbe00cfdd71c9ce3023bcaf9
recovered29,DIFF,exact_profile_random_directions,2,7776,963.9527294587203,1071.753968307742,11.183249505352236,rotation/opcenter_raw/recovered29__opcenter_exact_iso_7776.npz,cf458ac3161514c3805d274b957a5dad63a02bc6cbe00cfdd71c9ce3023bcaf9
recovered29,Min-Max,exact_profile_random_directions,2,7776,466.00552668865595,485.2537078725735,4.130461997026378,rotation/opcenter_raw/recovered29__opcenter_exact_iso_7776.npz,cf458ac3161514c3805d274b957a5dad63a02bc6cbe00cfdd71c9ce3023bcaf9
recovered29,WCL,exact_profile_random_directions,3,7789,597.6726773737064,681.6599657888592,14.052388806563778,rotation/opcenter_raw/recovered29__opcenter_exact_iso_7789.npz,c3009185df02fcce336097cd9f3d3d015c88d64486a2db644c850f93a4f1b98c
recovered29,ABS,exact_profile_random_directions,3,7789,641.0128583786435,670.9284129072496,4.666919569175803,rotation/opcenter_raw/recovered29__opcenter_exact_iso_7789.npz,c3009185df02fcce336097cd9f3d3d015c88d64486a2db644c850f93a4f1b98c
recovered29,DIFF,exact_profile_random_directions,3,7789,963.9527294587203,1096.2836499840093,13.727947074707242,rotation/opcenter_raw/recovered29__opcenter_exact_iso_7789.npz,c3009185df02fcce336097cd9f3d3d015c88d64486a2db644c850f93a4f1b98c
recovered29,Min-Max,exact_profile_random_directions,3,7789,466.00552668865595,501.6491248639036,7.64875009713384,rotation/opcenter_raw/recovered29__opcenter_exact_iso_7789.npz,c3009185df02fcce336097cd9f3d3d015c88d64486a2db644c850f93a4f1b98c
recovered29,WCL,exact_profile_random_directions,4,7802,597.6726773737064,553.9545324891658,-7.3147303766079625,rotation/opcenter_raw/recovered29__opcenter_exact_iso_7802.npz,1f48c6fe12dec2e00c429b895b4b07a91796f9fecbb624919ced5950b22b4392
recovered29,ABS,exact_profile_random_directions,4,7802,641.0128583786435,644.6212381994001,0.5629184771555883,rotation/opcenter_raw/recovered29__opcenter_exact_iso_7802.npz,1f48c6fe12dec2e00c429b895b4b07a91796f9fecbb624919ced5950b22b4392
recovered29,DIFF,exact_profile_random_directions,4,7802,963.9527294587203,888.0569307584649,-7.8733942423579775,rotation/opcenter_raw/recovered29__opcenter_exact_iso_7802.npz,1f48c6fe12dec2e00c429b895b4b07a91796f9fecbb624919ced5950b22b4392
recovered29,Min-Max,exact_profile_random_directions,4,7802,466.00552668865595,452.493456984988,-2.899551385083799,rotation/opcenter_raw/recovered29__opcenter_exact_iso_7802.npz,1f48c6fe12dec2e00c429b895b4b07a91796f9fecbb624919ced5950b22b4392
recovered29,WCL,exact_profile_random_directions,5,7815,597.6726773737064,609.793227720799,2.027957911737363,rotation/opcenter_raw/recovered29__opcenter_exact_iso_7815.npz,1bad8bbdaf7ea14e4ffe1f8a2cc5d8135cc740768a30ca79958c24c5aee5de63
recovered29,ABS,exact_profile_random_directions,5,7815,641.0128583786435,689.800449446587,7.611015977330812,rotation/opcenter_raw/recovered29__opcenter_exact_iso_7815.npz,1bad8bbdaf7ea14e4ffe1f8a2cc5d8135cc740768a30ca79958c24c5aee5de63
recovered29,DIFF,exact_profile_random_directions,5,7815,963.9527294587203,964.8643973714304,0.0945759978523006,rotation/opcenter_raw/recovered29__opcenter_exact_iso_7815.npz,1bad8bbdaf7ea14e4ffe1f8a2cc5d8135cc740768a30ca79958c24c5aee5de63
recovered29,Min-Max,exact_profile_random_directions,5,7815,466.00552668865595,487.52744706677674,4.618383076065932,rotation/opcenter_raw/recovered29__opcenter_exact_iso_7815.npz,1bad8bbdaf7ea14e4ffe1f8a2cc5d8135cc740768a30ca79958c24c5aee5de63
recovered29,WCL,exact_profile_random_directions,6,7828,597.6726773737064,610.4824610081596,2.1432774358603703,rotation/opcenter_raw/recovered29__opcenter_exact_iso_7828.npz,7fc27c10fb25ade5e04b04c86218cd0ac296b42f1f82c258db1df73146b24f2f
recovered29,ABS,exact_profile_random_directions,6,7828,641.0128583786435,659.8031659116367,2.931346428918881,rotation/opcenter_raw/recovered29__opcenter_exact_iso_7828.npz,7fc27c10fb25ade5e04b04c86218cd0ac296b42f1f82c258db1df73146b24f2f
recovered29,DIFF,exact_profile_random_directions,6,7828,963.9527294587203,902.4014856364408,-6.385296907332979,rotation/opcenter_raw/recovered29__opcenter_exact_iso_7828.npz,7fc27c10fb25ade5e04b04c86218cd0ac296b42f1f82c258db1df73146b24f2f
recovered29,Min-Max,exact_profile_random_directions,6,7828,466.00552668865595,474.88421118381643,1.905274505701827,rotation/opcenter_raw/recovered29__opcenter_exact_iso_7828.npz,7fc27c10fb25ade5e04b04c86218cd0ac296b42f1f82c258db1df73146b24f2f
recovered29,WCL,exact_profile_random_directions,7,7841,597.6726773737064,692.6182750267762,15.885885577082066,rotation/opcenter_raw/recovered29__opcenter_exact_iso_7841.npz,c06e8b346864a20aa286bb6faa86b25a8ce16594c0799861e53cf52a154786a3
recovered29,ABS,exact_profile_random_directions,7,7841,641.0128583786435,663.5029366630574,3.5085221755612794,rotation/opcenter_raw/recovered29__opcenter_exact_iso_7841.npz,c06e8b346864a20aa286bb6faa86b25a8ce16594c0799861e53cf52a154786a3
recovered29,DIFF,exact_profile_random_directions,7,7841,963.9527294587203,1059.3797654481393,9.899555556318957,rotation/opcenter_raw/recovered29__opcenter_exact_iso_7841.npz,c06e8b346864a20aa286bb6faa86b25a8ce16594c0799861e53cf52a154786a3
recovered29,Min-Max,exact_profile_random_directions,7,7841,466.00552668865595,492.0246747905562,5.5834419576066505,rotation/opcenter_raw/recovered29__opcenter_exact_iso_7841.npz,c06e8b346864a20aa286bb6faa86b25a8ce16594c0799861e53cf52a154786a3
official32_minus71,WCL,exact_profile_random_directions,0,7750,593.7425223082155,596.1344783733093,0.40286083196381833,rotation/opcenter_raw/official32_minus71__opcenter_exact_iso_7750.npz,af090c5d9a668bf8819e6cbcb75469c84d65d0a8981340bc7e84422471e16310
official32_minus71,ABS,exact_profile_random_directions,0,7750,555.6165186830742,563.3803419155452,1.39733484722031,rotation/opcenter_raw/official32_minus71__opcenter_exact_iso_7750.npz,af090c5d9a668bf8819e6cbcb75469c84d65d0a8981340bc7e84422471e16310
official32_minus71,DIFF,exact_profile_random_directions,0,7750,1082.7111969409727,1123.4213775488383,3.7600221298981387,rotation/opcenter_raw/official32_minus71__opcenter_exact_iso_7750.npz,af090c5d9a668bf8819e6cbcb75469c84d65d0a8981340bc7e84422471e16310
official32_minus71,Min-Max,exact_profile_random_directions,0,7750,478.88143519512585,479.7429293295671,0.1798971668405243,rotation/opcenter_raw/official32_minus71__opcenter_exact_iso_7750.npz,af090c5d9a668bf8819e6cbcb75469c84d65d0a8981340bc7e84422471e16310
official32_minus71,WCL,exact_profile_random_directions,1,7763,593.7425223082155,548.690452131812,-7.587812643308826,rotation/opcenter_raw/official32_minus71__opcenter_exact_iso_7763.npz,105c661435312bfd1e296ee5e2ea5a56521c9fb315b3a69e4a1357c639d75d7b
official32_minus71,ABS,exact_profile_random_directions,1,7763,555.6165186830742,539.3860055052728,-2.921171821217821,rotation/opcenter_raw/official32_minus71__opcenter_exact_iso_7763.npz,105c661435312bfd1e296ee5e2ea5a56521c9fb315b3a69e4a1357c639d75d7b
official32_minus71,DIFF,exact_profile_random_directions,1,7763,1082.7111969409727,1069.2244138099354,-1.2456491785752355,rotation/opcenter_raw/official32_minus71__opcenter_exact_iso_7763.npz,105c661435312bfd1e296ee5e2ea5a56521c9fb315b3a69e4a1357c639d75d7b
official32_minus71,Min-Max,exact_profile_random_directions,1,7763,478.88143519512585,447.4608547961052,-6.56124420154604,rotation/opcenter_raw/official32_minus71__opcenter_exact_iso_7763.npz,105c661435312bfd1e296ee5e2ea5a56521c9fb315b3a69e4a1357c639d75d7b
official32_minus71,WCL,exact_profile_random_directions,2,7776,593.7425223082155,612.2037532550485,3.1092991074756884,rotation/opcenter_raw/official32_minus71__opcenter_exact_iso_7776.npz,0ffd2ac561821cadb9b0e33b16f6cb7904232abf9b38a2c90af2cbd9432401b3
official32_minus71,ABS,exact_profile_random_directions,2,7776,555.6165186830742,531.8754585442541,-4.272921941754237,rotation/opcenter_raw/official32_minus71__opcenter_exact_iso_7776.npz,0ffd2ac561821cadb9b0e33b16f6cb7904232abf9b38a2c90af2cbd9432401b3
official32_minus71,DIFF,exact_profile_random_directions,2,7776,1082.7111969409727,1101.5313567757605,1.738243761398342,rotation/opcenter_raw/official32_minus71__opcenter_exact_iso_7776.npz,0ffd2ac561821cadb9b0e33b16f6cb7904232abf9b38a2c90af2cbd9432401b3
official32_minus71,Min-Max,exact_profile_random_directions,2,7776,478.88143519512585,483.7849026560813,1.0239418571232461,rotation/opcenter_raw/official32_minus71__opcenter_exact_iso_7776.npz,0ffd2ac561821cadb9b0e33b16f6cb7904232abf9b38a2c90af2cbd9432401b3
official32_minus71,WCL,exact_profile_random_directions,3,7789,593.7425223082155,591.8693159896873,-0.3154913532630269,rotation/opcenter_raw/official32_minus71__opcenter_exact_iso_7789.npz,5d387ded67afd0e8cf8979e93578f24d2dbfb6a40e3bf6157cdb62adf5ec4b00
official32_minus71,ABS,exact_profile_random_directions,3,7789,555.6165186830742,543.5742221679509,-2.1673755387377707,rotation/opcenter_raw/official32_minus71__opcenter_exact_iso_7789.npz,5d387ded67afd0e8cf8979e93578f24d2dbfb6a40e3bf6157cdb62adf5ec4b00
official32_minus71,DIFF,exact_profile_random_directions,3,7789,1082.7111969409727,1143.2936369369065,5.595438577443345,rotation/opcenter_raw/official32_minus71__opcenter_exact_iso_7789.npz,5d387ded67afd0e8cf8979e93578f24d2dbfb6a40e3bf6157cdb62adf5ec4b00
official32_minus71,Min-Max,exact_profile_random_directions,3,7789,478.88143519512585,469.85005484915047,-1.8859324421911317,rotation/opcenter_raw/official32_minus71__opcenter_exact_iso_7789.npz,5d387ded67afd0e8cf8979e93578f24d2dbfb6a40e3bf6157cdb62adf5ec4b00
official32_minus71,WCL,exact_profile_random_directions,4,7802,593.7425223082155,558.2790285968331,-5.972874163284716,rotation/opcenter_raw/official32_minus71__opcenter_exact_iso_7802.npz,a82313f4b3e233cc967979be5f4b461657ad1292032d6ee3c4c3708ac93c4183
official32_minus71,ABS,exact_profile_random_directions,4,7802,555.6165186830742,525.7451086745806,-5.376263844583856,rotation/opcenter_raw/official32_minus71__opcenter_exact_iso_7802.npz,a82313f4b3e233cc967979be5f4b461657ad1292032d6ee3c4c3708ac93c4183
official32_minus71,DIFF,exact_profile_random_directions,4,7802,1082.7111969409727,1074.7000869384153,-0.739911993631499,rotation/opcenter_raw/official32_minus71__opcenter_exact_iso_7802.npz,a82313f4b3e233cc967979be5f4b461657ad1292032d6ee3c4c3708ac93c4183
official32_minus71,Min-Max,exact_profile_random_directions,4,7802,478.88143519512585,471.1390324828229,-1.6167681900527604,rotation/opcenter_raw/official32_minus71__opcenter_exact_iso_7802.npz,a82313f4b3e233cc967979be5f4b461657ad1292032d6ee3c4c3708ac93c4183
official32_minus71,WCL,exact_profile_random_directions,5,7815,593.7425223082155,606.9877571585557,2.2308044906146294,rotation/opcenter_raw/official32_minus71__opcenter_exact_iso_7815.npz,91fafb0ffa0dba01a7b62f19503b005251493ddfad4341466de0f5131ba39a01
official32_minus71,ABS,exact_profile_random_directions,5,7815,555.6165186830742,528.1271202001878,-4.947548814430845,rotation/opcenter_raw/official32_minus71__opcenter_exact_iso_7815.npz,91fafb0ffa0dba01a7b62f19503b005251493ddfad4341466de0f5131ba39a01
official32_minus71,DIFF,exact_profile_random_directions,5,7815,1082.7111969409727,1120.4526705996248,3.4858301793945152,rotation/opcenter_raw/official32_minus71__opcenter_exact_iso_7815.npz,91fafb0ffa0dba01a7b62f19503b005251493ddfad4341466de0f5131ba39a01
official32_minus71,Min-Max,exact_profile_random_directions,5,7815,478.88143519512585,473.739074910439,-1.0738274459504846,rotation/opcenter_raw/official32_minus71__opcenter_exact_iso_7815.npz,91fafb0ffa0dba01a7b62f19503b005251493ddfad4341466de0f5131ba39a01
official32_minus71,WCL,exact_profile_random_directions,6,7828,593.7425223082155,563.8382807141885,-5.036567277979714,rotation/opcenter_raw/official32_minus71__opcenter_exact_iso_7828.npz,3362d6f9bb91e9147264c3d726415dde00d1618dc93be7b69ed535260dfa88ee
official32_minus71,ABS,exact_profile_random_directions,6,7828,555.6165186830742,574.541544400575,3.4061308620479904,rotation/opcenter_raw/official32_minus71__opcenter_exact_iso_7828.npz,3362d6f9bb91e9147264c3d726415dde00d1618dc93be7b69ed535260dfa88ee
official32_minus71,DIFF,exact_profile_random_directions,6,7828,1082.7111969409727,1058.9805292176347,-2.191781870399531,rotation/opcenter_raw/official32_minus71__opcenter_exact_iso_7828.npz,3362d6f9bb91e9147264c3d726415dde00d1618dc93be7b69ed535260dfa88ee
official32_minus71,Min-Max,exact_profile_random_directions,6,7828,478.88143519512585,476.9479989525387,-0.4037400701907273,rotation/opcenter_raw/official32_minus71__opcenter_exact_iso_7828.npz,3362d6f9bb91e9147264c3d726415dde00d1618dc93be7b69ed535260dfa88ee
official32_minus71,WCL,exact_profile_random_directions,7,7841,593.7425223082155,554.2881011945594,-6.645038822598428,rotation/opcenter_raw/official32_minus71__opcenter_exact_iso_7841.npz,724fb12986ec18acf10bacb449b748851cd9e1f55700370845eccbd6726067e9
official32_minus71,ABS,exact_profile_random_directions,7,7841,555.6165186830742,567.7911532569514,2.191193775651872,rotation/opcenter_raw/official32_minus71__opcenter_exact_iso_7841.npz,724fb12986ec18acf10bacb449b748851cd9e1f55700370845eccbd6726067e9
official32_minus71,DIFF,exact_profile_random_directions,7,7841,1082.7111969409727,1023.9145049257766,-5.43050558462098,rotation/opcenter_raw/official32_minus71__opcenter_exact_iso_7841.npz,724fb12986ec18acf10bacb449b748851cd9e1f55700370845eccbd6726067e9
official32_minus71,Min-Max,exact_profile_random_directions,7,7841,478.88143519512585,475.7956319986181,-0.6443772862588435,rotation/opcenter_raw/official32_minus71__opcenter_exact_iso_7841.npz,724fb12986ec18acf10bacb449b748851cd9e1f55700370845eccbd6726067e9
