D_m,f,fraction_pct_reported,fraction_pct_exact,method,median_m,effect_pct,draws,source_file,source_line
250,1,3,3.4482758620689653,WCL,598.0,0.0,8,results/base_logs/diffrepair_e1_d250.txt,76
250,1,3,3.4482758620689653,ABS,641.0,0.0,8,results/base_logs/diffrepair_e1_d250.txt,76
250,1,3,3.4482758620689653,DIFF,963.0,-0.1,8,results/base_logs/diffrepair_e1_d250.txt,76
250,1,3,3.4482758620689653,Min-Max,467.0,0.1,8,results/base_logs/diffrepair_e1_d250.txt,76
250,3,10,10.344827586206897,WCL,600.0,0.4,8,results/base_logs/diffrepair_e1_d250.txt,78
250,3,10,10.344827586206897,ABS,642.0,0.1,8,results/base_logs/diffrepair_e1_d250.txt,78
250,3,10,10.344827586206897,DIFF,978.0,1.5,8,results/base_logs/diffrepair_e1_d250.txt,78
250,3,10,10.344827586206897,Min-Max,467.0,0.3,8,results/base_logs/diffrepair_e1_d250.txt,78
250,7,24,24.137931034482758,WCL,595.0,-0.4,8,results/base_logs/diffrepair_e1_d250.txt,80
250,7,24,24.137931034482758,ABS,637.0,-0.6,8,results/base_logs/diffrepair_e1_d250.txt,80
250,7,24,24.137931034482758,DIFF,970.0,0.6,8,results/base_logs/diffrepair_e1_d250.txt,80
250,7,24,24.137931034482758,Min-Max,463.0,-0.7,8,results/base_logs/diffrepair_e1_d250.txt,80
250,14,48,48.275862068965516,WCL,603.0,0.8,8,results/base_logs/diffrepair_e1_d250.txt,82
250,14,48,48.275862068965516,ABS,638.0,-0.5,8,results/base_logs/diffrepair_e1_d250.txt,82
250,14,48,48.275862068965516,DIFF,988.0,2.5,8,results/base_logs/diffrepair_e1_d250.txt,82
250,14,48,48.275862068965516,Min-Max,472.0,1.3,8,results/base_logs/diffrepair_e1_d250.txt,82
250,21,72,72.41379310344827,WCL,658.0,10.1,8,results/base_logs/diffrepair_e1_d250.txt,84
250,21,72,72.41379310344827,ABS,646.0,0.8,8,results/base_logs/diffrepair_e1_d250.txt,84
250,21,72,72.41379310344827,DIFF,1123.0,16.5,8,results/base_logs/diffrepair_e1_d250.txt,84
250,21,72,72.41379310344827,Min-Max,474.0,1.7,8,results/base_logs/diffrepair_e1_d250.txt,84
250,29,100,100.0,WCL,615.0,2.8,8,results/base_logs/diffrepair_e1_d250.txt,86
250,29,100,100.0,ABS,644.0,0.5,8,results/base_logs/diffrepair_e1_d250.txt,86
250,29,100,100.0,DIFF,1021.0,5.9,8,results/base_logs/diffrepair_e1_d250.txt,86
250,29,100,100.0,Min-Max,473.0,1.6,8,results/base_logs/diffrepair_e1_d250.txt,86
500,1,3,3.4482758620689653,WCL,598.0,0.0,32,results/base_logs/diffrepair_e1_d500_dr32.txt,76
500,1,3,3.4482758620689653,ABS,641.0,0.0,32,results/base_logs/diffrepair_e1_d500_dr32.txt,76
500,1,3,3.4482758620689653,DIFF,964.0,0.0,32,results/base_logs/diffrepair_e1_d500_dr32.txt,76
500,1,3,3.4482758620689653,Min-Max,466.0,0.0,32,results/base_logs/diffrepair_e1_d500_dr32.txt,76
500,3,10,10.344827586206897,WCL,599.0,0.2,32,results/base_logs/diffrepair_e1_d500_dr32.txt,78
500,3,10,10.344827586206897,ABS,642.0,0.2,32,results/base_logs/diffrepair_e1_d500_dr32.txt,78
500,3,10,10.344827586206897,DIFF,977.0,1.3,32,results/base_logs/diffrepair_e1_d500_dr32.txt,78
500,3,10,10.344827586206897,Min-Max,472.0,1.3,32,results/base_logs/diffrepair_e1_d500_dr32.txt,78
500,7,24,24.137931034482758,WCL,598.0,0.1,32,results/base_logs/diffrepair_e1_d500_dr32.txt,80
500,7,24,24.137931034482758,ABS,649.0,1.2,32,results/base_logs/diffrepair_e1_d500_dr32.txt,80
500,7,24,24.137931034482758,DIFF,1004.0,4.1,32,results/base_logs/diffrepair_e1_d500_dr32.txt,80
500,7,24,24.137931034482758,Min-Max,474.0,1.7,32,results/base_logs/diffrepair_e1_d500_dr32.txt,80
500,14,48,48.275862068965516,WCL,666.0,11.4,32,results/base_logs/diffrepair_e1_d500_dr32.txt,82
500,14,48,48.275862068965516,ABS,670.0,4.5,32,results/base_logs/diffrepair_e1_d500_dr32.txt,82
500,14,48,48.275862068965516,DIFF,1060.0,9.9,32,results/base_logs/diffrepair_e1_d500_dr32.txt,82
500,14,48,48.275862068965516,Min-Max,514.0,10.4,32,results/base_logs/diffrepair_e1_d500_dr32.txt,82
500,21,72,72.41379310344827,WCL,719.0,20.2,32,results/base_logs/diffrepair_e1_d500_dr32.txt,84
500,21,72,72.41379310344827,ABS,696.0,8.6,32,results/base_logs/diffrepair_e1_d500_dr32.txt,84
500,21,72,72.41379310344827,DIFF,1085.0,12.6,32,results/base_logs/diffrepair_e1_d500_dr32.txt,84
500,21,72,72.41379310344827,Min-Max,527.0,13.2,32,results/base_logs/diffrepair_e1_d500_dr32.txt,84
500,29,100,100.0,WCL,681.0,14.0,32,results/base_logs/diffrepair_e1_d500_dr32.txt,86
500,29,100,100.0,ABS,715.0,11.6,32,results/base_logs/diffrepair_e1_d500_dr32.txt,86
500,29,100,100.0,DIFF,1116.0,15.8,32,results/base_logs/diffrepair_e1_d500_dr32.txt,86
500,29,100,100.0,Min-Max,540.0,15.9,32,results/base_logs/diffrepair_e1_d500_dr32.txt,86
1000,1,3,3.4482758620689653,WCL,598.0,0.0,8,results/base_logs/diffrepair_e1_d1000.txt,76
1000,1,3,3.4482758620689653,ABS,642.0,0.1,8,results/base_logs/diffrepair_e1_d1000.txt,76
1000,1,3,3.4482758620689653,DIFF,965.0,0.1,8,results/base_logs/diffrepair_e1_d1000.txt,76
1000,1,3,3.4482758620689653,Min-Max,466.0,0.0,8,results/base_logs/diffrepair_e1_d1000.txt,76
1000,3,10,10.344827586206897,WCL,621.0,3.8,8,results/base_logs/diffrepair_e1_d1000.txt,78
1000,3,10,10.344827586206897,ABS,666.0,3.8,8,results/base_logs/diffrepair_e1_d1000.txt,78
1000,3,10,10.344827586206897,DIFF,1003.0,4.1,8,results/base_logs/diffrepair_e1_d1000.txt,78
1000,3,10,10.344827586206897,Min-Max,479.0,2.9,8,results/base_logs/diffrepair_e1_d1000.txt,78
1000,7,24,24.137931034482758,WCL,635.0,6.3,8,results/base_logs/diffrepair_e1_d1000.txt,80
1000,7,24,24.137931034482758,ABS,689.0,7.4,8,results/base_logs/diffrepair_e1_d1000.txt,80
1000,7,24,24.137931034482758,DIFF,1055.0,9.5,8,results/base_logs/diffrepair_e1_d1000.txt,80
1000,7,24,24.137931034482758,Min-Max,500.0,7.2,8,results/base_logs/diffrepair_e1_d1000.txt,80
1000,14,48,48.275862068965516,WCL,733.0,22.6,8,results/base_logs/diffrepair_e1_d1000.txt,82
1000,14,48,48.275862068965516,ABS,705.0,10.0,8,results/base_logs/diffrepair_e1_d1000.txt,82
1000,14,48,48.275862068965516,DIFF,978.0,1.4,8,results/base_logs/diffrepair_e1_d1000.txt,82
1000,14,48,48.275862068965516,Min-Max,537.0,15.2,8,results/base_logs/diffrepair_e1_d1000.txt,82
1000,21,72,72.41379310344827,WCL,828.0,38.5,8,results/base_logs/diffrepair_e1_d1000.txt,84
1000,21,72,72.41379310344827,ABS,732.0,14.2,8,results/base_logs/diffrepair_e1_d1000.txt,84
1000,21,72,72.41379310344827,DIFF,1324.0,37.3,8,results/base_logs/diffrepair_e1_d1000.txt,84
1000,21,72,72.41379310344827,Min-Max,619.0,32.8,8,results/base_logs/diffrepair_e1_d1000.txt,84
1000,29,100,100.0,WCL,868.0,45.3,8,results/base_logs/diffrepair_e1_d1000.txt,86
1000,29,100,100.0,ABS,898.0,40.1,8,results/base_logs/diffrepair_e1_d1000.txt,86
1000,29,100,100.0,DIFF,1386.0,43.8,8,results/base_logs/diffrepair_e1_d1000.txt,86
1000,29,100,100.0,Min-Max,687.0,47.4,8,results/base_logs/diffrepair_e1_d1000.txt,86
2500,1,3,3.4482758620689653,WCL,598.0,0.1,8,results/base_logs/diffrepair_e1_d2500.txt,76
2500,1,3,3.4482758620689653,ABS,642.0,0.2,8,results/base_logs/diffrepair_e1_d2500.txt,76
2500,1,3,3.4482758620689653,DIFF,964.0,0.0,8,results/base_logs/diffrepair_e1_d2500.txt,76
2500,1,3,3.4482758620689653,Min-Max,467.0,0.2,8,results/base_logs/diffrepair_e1_d2500.txt,76
2500,3,10,10.344827586206897,WCL,622.0,4.1,8,results/base_logs/diffrepair_e1_d2500.txt,78
2500,3,10,10.344827586206897,ABS,670.0,4.5,8,results/base_logs/diffrepair_e1_d2500.txt,78
2500,3,10,10.344827586206897,DIFF,991.0,2.8,8,results/base_logs/diffrepair_e1_d2500.txt,78
2500,3,10,10.344827586206897,Min-Max,486.0,4.2,8,results/base_logs/diffrepair_e1_d2500.txt,78
2500,7,24,24.137931034482758,WCL,700.0,17.2,8,results/base_logs/diffrepair_e1_d2500.txt,80
2500,7,24,24.137931034482758,ABS,696.0,8.5,8,results/base_logs/diffrepair_e1_d2500.txt,80
2500,7,24,24.137931034482758,DIFF,1075.0,11.5,8,results/base_logs/diffrepair_e1_d2500.txt,80
2500,7,24,24.137931034482758,Min-Max,557.0,19.5,8,results/base_logs/diffrepair_e1_d2500.txt,80
2500,14,48,48.275862068965516,WCL,877.0,46.8,8,results/base_logs/diffrepair_e1_d2500.txt,82
2500,14,48,48.275862068965516,ABS,741.0,15.6,8,results/base_logs/diffrepair_e1_d2500.txt,82
2500,14,48,48.275862068965516,DIFF,1127.0,16.9,8,results/base_logs/diffrepair_e1_d2500.txt,82
2500,14,48,48.275862068965516,Min-Max,658.0,41.2,8,results/base_logs/diffrepair_e1_d2500.txt,82
2500,21,72,72.41379310344827,WCL,1048.0,75.3,8,results/base_logs/diffrepair_e1_d2500.txt,84
2500,21,72,72.41379310344827,ABS,843.0,31.5,8,results/base_logs/diffrepair_e1_d2500.txt,84
2500,21,72,72.41379310344827,DIFF,1306.0,35.5,8,results/base_logs/diffrepair_e1_d2500.txt,84
2500,21,72,72.41379310344827,Min-Max,773.0,65.8,8,results/base_logs/diffrepair_e1_d2500.txt,84
2500,29,100,100.0,WCL,1529.0,155.9,8,results/base_logs/diffrepair_e1_d2500.txt,86
2500,29,100,100.0,ABS,1141.0,78.1,8,results/base_logs/diffrepair_e1_d2500.txt,86
2500,29,100,100.0,DIFF,1619.0,67.9,8,results/base_logs/diffrepair_e1_d2500.txt,86
2500,29,100,100.0,Min-Max,1058.0,127.1,8,results/base_logs/diffrepair_e1_d2500.txt,86
10000,1,3,3.4482758620689653,WCL,598.0,0.1,8,results/base_logs/diffrepair_e1_d10000.txt,76
10000,1,3,3.4482758620689653,ABS,645.0,0.6,8,results/base_logs/diffrepair_e1_d10000.txt,76
10000,1,3,3.4482758620689653,DIFF,957.0,-0.8,8,results/base_logs/diffrepair_e1_d10000.txt,76
10000,1,3,3.4482758620689653,Min-Max,467.0,0.1,8,results/base_logs/diffrepair_e1_d10000.txt,76
10000,3,10,10.344827586206897,WCL,622.0,4.0,8,results/base_logs/diffrepair_e1_d10000.txt,78
10000,3,10,10.344827586206897,ABS,681.0,6.3,8,results/base_logs/diffrepair_e1_d10000.txt,78
10000,3,10,10.344827586206897,DIFF,965.0,0.1,8,results/base_logs/diffrepair_e1_d10000.txt,78
10000,3,10,10.344827586206897,Min-Max,549.0,17.8,8,results/base_logs/diffrepair_e1_d10000.txt,78
10000,7,24,24.137931034482758,WCL,706.0,18.1,8,results/base_logs/diffrepair_e1_d10000.txt,80
10000,7,24,24.137931034482758,ABS,705.0,10.0,8,results/base_logs/diffrepair_e1_d10000.txt,80
10000,7,24,24.137931034482758,DIFF,948.0,-1.7,8,results/base_logs/diffrepair_e1_d10000.txt,80
10000,7,24,24.137931034482758,Min-Max,703.0,50.8,8,results/base_logs/diffrepair_e1_d10000.txt,80
10000,14,48,48.275862068965516,WCL,916.0,53.3,8,results/base_logs/diffrepair_e1_d10000.txt,82
10000,14,48,48.275862068965516,ABS,878.0,37.0,8,results/base_logs/diffrepair_e1_d10000.txt,82
10000,14,48,48.275862068965516,DIFF,1107.0,14.8,8,results/base_logs/diffrepair_e1_d10000.txt,82
10000,14,48,48.275862068965516,Min-Max,918.0,97.0,8,results/base_logs/diffrepair_e1_d10000.txt,82
10000,21,72,72.41379310344827,WCL,1403.0,134.8,8,results/base_logs/diffrepair_e1_d10000.txt,84
10000,21,72,72.41379310344827,ABS,1155.0,80.2,8,results/base_logs/diffrepair_e1_d10000.txt,84
10000,21,72,72.41379310344827,DIFF,1530.0,58.7,8,results/base_logs/diffrepair_e1_d10000.txt,84
10000,21,72,72.41379310344827,Min-Max,1441.0,209.2,8,results/base_logs/diffrepair_e1_d10000.txt,84
10000,29,100,100.0,WCL,5649.0,845.2,8,results/base_logs/diffrepair_e1_d10000.txt,86
10000,29,100,100.0,ABS,3012.0,369.8,8,results/base_logs/diffrepair_e1_d10000.txt,86
10000,29,100,100.0,DIFF,3305.0,242.9,8,results/base_logs/diffrepair_e1_d10000.txt,86
10000,29,100,100.0,Min-Max,3182.0,582.9,8,results/base_logs/diffrepair_e1_d10000.txt,86
