claim_id,manuscript_location,claim,authoritative_artifact,locator,ownership,status,qualification
C1-L1,Abstract; I; V.1,One-of-29 at 10 km changes -0.8% to +0.6%,results/base_logs/diffrepair_e1_d10000.txt,fraction sweep f=1,present study,RETAINED_WITH_B9C_SCOPE,Central summaries of registered random receiver/direction draws with map-specific intercept refit; not a worst-case bound.
C1-L2,Abstract; I; V.1,Full 10-km corruption changes +242.9% to +845.2%,results/base_logs/diffrepair_e1_d10000.txt,fraction sweep f=29,present study,RETAINED_WITH_B9C_SCOPE,Primary recovered-29 observation; see B9C safeguards for transfer limits.
C1-L3,V.3,WCL spread reaches 385.6% at 72%/10 km,results/base_logs/diffrepair_e1_d10000.txt,fraction sweep f=21 and min-max line,present study,RETAINED_WITH_B9C_SCOPE,"Spread is across joint receiver-set/direction configurations, not isolated receiver-identity attribution."
C2-E1,I; VI.1,Direction-replicated top-seven approaches all-29 random at 1 km,results/base_logs/diffrepair_e2d_d1000.txt; results/base_logs/diffrepair_e1_d1000.txt,top7 and f=29,present study,RETAINED_WITH_B9C_SCOPE,Primary recovered-29 observation; see B9C safeguards for transfer limits.
C2-E2,VI.2,Approximately matched exposure bins contain different outcomes,results/rc5/matched_exposure/subset_results.csv,40 configurations; tolerance0.025; one direction field each,present study,RC5_NARROWED,"Count, exact S, identity and direction vary jointly; no isolated co-occurrence claim or rejection of every function of exact S."
C2-E3,Abstract; VI.3,Top-six to top-seven transition across four methods,results/base_logs/diffrepair_e2b_k14_dir8.txt,"k=6,7 top rows",present study,RETAINED_WITH_B9C_SCOPE,Historical R29 boundary; native official window may move the rank; G6 does not establish spatially diffuse robustness.
C2-E4,VI.3,Transition location persists at 1 km and max_gws=5,results/base_logs/diffrepair_e2d_d1000.txt; results/base_logs/diffrepair_e2e_win5.txt,"k=6,7 top rows",present study,RETAINED_WITH_B9C_SCOPE,Historical R29 boundary; native official window may move the rank; G6 does not establish spatially diffuse robustness.
C2-E5,Abstract; VI.5,Selection-set exhaustion +14.21 pp under both windows,results/base_logs/paperb_coverage_all.txt,"Antwerp k=6,7",present study,RETAINED_WITH_B9C_SCOPE,Historical R29 boundary; native official window may move the rank; G6 does not establish spatially diffuse robustness.
C2-E6,VI.6,Rural Sigfox has early k=7 signature; urban does not,results/base_logs/paperb_coverage_all.txt,Sigfox curves,supporting control,RETAINED_WITH_B9C_SCOPE,Primary recovered-29 observation; see B9C safeguards for transfer limits.
C2-E7,X.4,Exposure ranking stable across split sources,results/figure_data/paperb_rank_stability_w10.csv; results/figure_data/paperb_rank_stability_w5.csv,all six pair comparisons,supporting control,RETAINED_WITH_B9C_SCOPE,Primary recovered-29 observation; see B9C safeguards for transfer limits.
C2-A1,Abstract; VI.4,Frozen-A0 ablation,results/base_logs/e2f_a0truth.txt,"k=1,2,6,7",present study,RETAINED_WITH_B9C_SCOPE,"WCL-specific refit/freeze intervention, same corrupted geometry within each pair, two fields per k; not the letter intercept-removal experiment."
C3-S1,VII.1-3,Spatial family ordering is architecture-specific,results/base_logs/diffrepair_e3b_angles.txt,family tables,present study,RETAINED_WITH_B9C_SCOPE,Primary recovered-29 observation; see B9C safeguards for transfer limits.
C3-S2,Abstract; VII.4,5-deg rotation adds 27.1 pp over matched isotropic WCL,results/base_logs/diffrepair_e5_affine.txt,rotation 5 deg,present study,HISTORICAL_CONSTRUCTION_ONLY,Original four-direction R29 comparator; not a substrate-invariant rotation penalty. G4 remains FAIL.
C3-S3,VII.5,"Clustered m=7 +115.5% vs random +8.9%, ranges overlap",results/base_logs/diffrepair_e5_affine.txt,cluster m=7,bounded present result,RETAINED_WITH_B9C_SCOPE,Primary recovered-29 observation; see B9C safeguards for transfer limits.
V1,VIII.1,20-m jitter approximately superposes with 5-km top-k errors,results/base_logs/diffrepair_e6_twopop.txt,"k=1,3,6,7",supporting control,RETAINED_WITH_B9C_SCOPE,Primary recovered-29 observation; see B9C safeguards for transfer limits.
V2,VIII.2,Pooled top6-to-top7 increment at P50 exceeds P90/P95 increments,results/base_logs/e7_tails.txt,top6/top7 percentiles,supporting control,RC5_NARROWED,1073m/528m/312m; marginal quantiles do not identify affected messages or exclude a newly harmed subgroup.
P-A1,V-A; Supplement S16.2,Original 5-km fraction cross-section,results/base_logs/diffrepair_e2b_k14_dir8.txt; historical_controls/SOURCE_STATUS.json,Block21 variant1; historical_controls/fraction_5km_saved_summary.csv,Attributed exploratory source history; not a separate new contribution,HISTORICAL_SUPPORT_LOCALLY_AVAILABLE,No new execution or novelty reassignment. Earlier draft history is retained; current A R5.1 is not described as re-reporting these cross-sections. Do not substitute its stable fitted map.
P-A2,IV-D; Supplement S16.4,Observed vs randomized real error-field directions,results/base_logs/diffrepair_e2b_k14_dir8.txt; historical_controls/SOURCE_STATUS.json,Block21 variant2; legacy fitted-field motivation only,Attributed exploratory source history; not a separate new contribution,HISTORICAL_SUPPORT_LOCALLY_AVAILABLE,No new execution or novelty reassignment. Earlier draft history is retained; current A R5.1 is not described as re-reporting these cross-sections. Do not substitute its stable fitted map.
P-A3,VI-A; Supplement S16.3,Original top-seven vs bottom-seven point,results/base_logs/diffrepair_e2b_k14_dir8.txt; historical_controls/SOURCE_STATUS.json,Block21 variant3; historical_controls/high_low_saved_summary.csv,Attributed exploratory source history; not a separate new contribution,HISTORICAL_SUPPORT_LOCALLY_AVAILABLE,No new execution or novelty reassignment. Earlier draft history is retained; current A R5.1 is not described as re-reporting these cross-sections. Do not substitute its stable fitted map.
B9C-G1,V; S12.1,Official-coordinate sparse/dense endpoints transfer,results/archives/PAPERB_B9C_OFFICIAL33_CORE_050926.zip,G1; official32 minus71,present study,PASS,Native population; not a same-roster effect-size equivalence claim.
B9C-G2G3,VI; S12.3,Participation boundary transfers with roster/window qualification,results/archives/PAPERB_B9C_OFFICIAL33_CORE_050926.zip,top6/top7; published/substituted/excluded,present study,PASS-QUALIFIED,Native/exclusion sensitivity and common-roster assignment contrast; O27 keeps BS71 at R29 in both arms. Exhaustion is not independently manipulated as the sole cause.
B9C-EXACT7,S12.2,Exactly seven corrupted receivers at 1/10 km,results/b9c_author_remaining/exact7_results.csv,all rows,present study,COMPLETE,Finite registered draws; DIFF nonmonotonicity is retained.
B9C-G5,S12.4,Contrast-direction stability across propagation exponents,results/b9c_author_remaining/g5_results.csv,"n=3.5,4.7,6.0",present study,PASS,No best-n selection; tested exponents and configurations only.
B9C-G4,VII; S12.5,Positive legacy official WCL rotation excess is not preserved,results/b9c_author_remaining/g5_results.csv,n=4.7 legacy rotation comparison,present study,FAIL,Eight-direction comparison; not rescued by post-failure controls.
B9C-ROT-DIAG,VII; S12.5,Pivot and displacement-profile controls bound the rotation response,results/rc5/rotation_dispersion.csv,operational-centroid control,present study,EXPLANATORY,"Central contrast to eight controls; R29 within range, O32 above all8. Post-failure explanatory; exact coordinate identity not additive median-error attribution. Common27 uses substituted BS71 in both reference arms; not a full-catalogue BS71 intervention."
B9C-G6,VI; S13,Spatial-cell WCL interval includes zero,results/b9c_author_remaining/g6_spatial_results.csv,"500,1000,2000 m",present study,FAIL,"Observed cell-composition sensitivity, not spatial generalization."
B9C-G6-TIME,S13.3,Registered temporal-block sensitivity,results/b9c_author_remaining/g6_temporal_results.csv,"5,15,30 min",present study,SECONDARY,Conditional on realized directions and direction-summarized estimand; not integrated direction uncertainty or substitute for spatial criterion.
FIG-Fig1_Corruption_Load_Surface,Figure,"Same numerical cells; signed annotations expose near-zero effects. Range -2% to 846%; five expansion magnitudes; 500m has32 draws, others8.",results/figure_data/paperb_load_surface.csv,figures/Fig1_Corruption_Load_Surface.pdf,present figure / supporting inputs attributed,RC5_FIGURE_CONTENT_REVIEWED,Figure bytes unchanged; source hashes in figures/FIGURE_MANIFEST.json; current captions bound in provenance/rc8/BUILD_REVIEW.json.
FIG-Fig2_Exposure_Topology,Figure,"Top/bottom whole-metre ranges across eight fields; random central curve only, historical ranges unavailable. Ranges not CIs.",results/rc5/primary_exposure_ranges.csv,figures/Fig2_Exposure_Topology.pdf,present figure / supporting inputs attributed,RC5_FIGURE_CONTENT_REVIEWED,Figure bytes unchanged; source hashes in figures/FIGURE_MANIFEST.json; current captions bound in provenance/rc8/BUILD_REVIEW.json.
FIG-Fig3_Selection_Set_Exhaustion,Figure,Historical R29 and coordinate-free Sigfox topology; not spatially independent localization replications.,results/figure_data/paperb_coverage.csv,figures/Fig3_Selection_Set_Exhaustion.pdf,present figure / supporting inputs attributed,RC5_FIGURE_CONTENT_REVIEWED,Figure bytes unchanged; source hashes in figures/FIGURE_MANIFEST.json; current captions bound in provenance/rc8/BUILD_REVIEW.json.
FIG-Fig4_A0_Refit_Ablation,Figure,WCL-specific implemented intervention; does not independently manipulate exhaustion.,results/figure_data/paperb_a0_ablation.csv,figures/Fig4_A0_Refit_Ablation.pdf,present figure / supporting inputs attributed,RC5_FIGURE_CONTENT_REVIEWED,Figure bytes unchanged; source hashes in figures/FIGURE_MANIFEST.json; current captions bound in provenance/rc8/BUILD_REVIEW.json.
FIG-Fig5_Spatial_Error_Structure,Figure,R29; logarithmic x and symmetric-log y with linear region +/-10%. Isotropic: 8 directions; structured curves: registered constructions.,results/figure_data/paperb_spatial_families.csv,figures/Fig5_Spatial_Error_Structure.pdf,present figure / supporting inputs attributed,RC5_FIGURE_CONTENT_REVIEWED,Figure PDF unchanged. RC8 caption specifies eight isotropic fields versus individual structured constructions and unclipped inward/outward displacement. Geometry/source records: results/rc8/.
FIG-Fig6_Directional_and_Affine_Structure,Figure,All8 outcomes and descriptive ranges visible; R29 controlled rotation inside sampled range; official above8. G4 remainsFAIL.,results/figure_data/paperb_coherent_angles.csv; results/rc5/rotation_dispersion.csv,figures/Fig6_Directional_and_Affine_Structure.pdf,present figure / supporting inputs attributed,RC5_FIGURE_CONTENT_REVIEWED,Figure bytes unchanged; source hashes in figures/FIGURE_MANIFEST.json; current captions bound in provenance/rc8/BUILD_REVIEW.json.
FIG-Fig7_Reliability_Profile,Figure,"Perturbed rows pool 4 evaluations of each of 2,498 messages; 9,992 evaluations are not independent messages.",results/figure_data/paperb_tails.csv,figures/Fig7_Reliability_Profile.pdf,present figure / supporting inputs attributed,RC5_FIGURE_CONTENT_REVIEWED,Figure bytes unchanged; source hashes in figures/FIGURE_MANIFEST.json; current captions bound in provenance/rc8/BUILD_REVIEW.json.
FIG-FigS1_Matched_Exposure,Figure,ExactS displayed. Tolerance0.025; one directionfield/subset. Co-occurrence not independently isolated.,results/rc5/matched_exposure/subset_results.csv; results/figure_data/paperb_matched_exposure.csv,figures/FigS1_Matched_Exposure.pdf,present figure / supporting inputs attributed,RC5_FIGURE_CONTENT_REVIEWED,Figure bytes unchanged; source hashes in figures/FIGURE_MANIFEST.json; current captions bound in provenance/rc8/BUILD_REVIEW.json.
FIG-FigS2_Scale_Control,Figure,Legacy four-direction isotropic comparator; small tested scales only.,results/figure_data/paperb_affine.csv,figures/FigS2_Scale_Control.pdf,present figure / supporting inputs attributed,RC5_FIGURE_CONTENT_REVIEWED,Figure bytes unchanged; source hashes in figures/FIGURE_MANIFEST.json; current captions bound in provenance/rc8/BUILD_REVIEW.json.
FIG-FigS3_Two_Population,Figure,20-m background jitter + top-k 5-km corruption; 4 registered direction realizations. No general additivity theorem.,results/figure_data/paperb_twopop.csv,figures/FigS3_Two_Population.pdf,present figure / supporting inputs attributed,RC5_FIGURE_CONTENT_REVIEWED,Figure bytes unchanged; source hashes in figures/FIGURE_MANIFEST.json; current captions bound in provenance/rc8/BUILD_REVIEW.json.
INPUT-R29,III; X-A; S15.3,"Frozen recovered reference, incomplete original selection history",maps/recovered29.json; coordinate_provenance/README.md; results/base_logs/diffrepair_e2b_k14_dir8.txt,Block0 and source limitation,attributed input,DOCUMENTED,"Reproduce perturbations conditional on fixed map, not full historical selection or surveyed truth."
INPUT-JOIN,III; S15.1-2,Used identities and catalogue map reproducibility,coordinate_provenance/used_receiver_crosswalk.csv; coordinate_provenance/SOURCE_MANIFEST.json; coordinate_provenance/source_records/construction_summary.json; coordinate_provenance/sources/rebuild_join.py,"35 used identities,33 catalogue pairs",attributed source resource,LOCAL_SOURCE_CLOSED,Saved source-record checks and projection performed; raw CSV-JSON join not rerun this revision. Producer supplied.
INPUT-BS71,III; Table1; S15.4,Catalogue remoteness and named controls,coordinate_provenance/BS71_INPUT_CHECK.json; coordinate_provenance/bs71_input_distance_checks.csv; coordinate_provenance/bs71_selection_counts_by_roster.csv,Catalogue vs traffic; exact analysis populations,input description,DESCRIPTIVE_VERIFIED,"Not proof of physical error, typo or historical flagging rationale. Existing exclusion/substitution contrasts retained."
INPUT-O27,III; Table1; VI; IX; X-A; S1/S12/S15,Common27 has substituted BS71 held fixed,maps/official27_common.json; maps/recovered27_common.json; coordinate_provenance/MAP_PARENT_REGISTER.json; coordinate_provenance/INPUT_CONTINUITY_CHECKS.json,O27 from substituted O33 parent,frozen construction,CORRECTED_DESCRIPTION,Other26 coordinates catalogue-derived; not an unrepaired all-catalogue common27. Values and results unchanged.
ROTATION-REFIT-FROZEN,"Main VI-D, IX-B, X-F/G; S12.7 / Table S28",Six deterministic rotation refit-minus-frozen comparisons,author_remaining/rotation/a0_rotation_diagnostic.csv; author_remaining/rotation/a0_rotation_cases.json; results/rc8/rotation_refit_frozen.csv,all six pairs,existing author scalar results,SCALAR_CONSISTENCY_CHECKED,No original frozen-arm message arrays; no new localization; G4 FAIL.
RADIAL-OPERATOR,"Main IV-D, VII-C; Fig5; S6",Unclipped inward/outward displacement about evaluation-transmitter mean,code/baseline_001_e123_pairfallback_040926.py; results/rc8/radial_reference_radii.csv; results/rc8/radial_geometry_check.csv; results/rc8/bounded_check_sources.json,build function and all six magnitudes,operator description / geometry-only derivative,DOCUMENTED,Crossing D>r is not radius increase D>2r. Centroid-coincident receiver unchanged; not an operational truth-free rule.
COUNT-LABELS,S2 / Tables S4-S7,Exact counts replace rounded corrupted percentages,results/rc8/corrupted_count_labels.csv,"1,3,7,14,21,29 of 29",display labels,CORRECTED_LABELS,All method-value cells unchanged.
MEDIAN-ORDER,Main VI-F; S13.1,R29 primary approx 1099 m vs direction-first T=1411.92 m,results/rc5/retained_condition_ranges.csv; author_remaining/g6_spatial_results.csv,named aggregation orders,existing outputs,SPECIFIED,No new bootstrap; unlike estimands not forced equal.
