stage,substrate,exponent,method,condition,reference_m,median_m,min_m,max_m,replicates,effect_pct,min_pct,max_pct,precision
exact7,recovered29,4.7,WCL,reference,597.6726773737064,597.6726773737064,597.6726773737064,597.6726773737064,1,0.0,0.0,0.0,full precision derived from retained author NPZ
exact7,recovered29,4.7,ABS,reference,641.0128583786435,641.0128583786435,641.0128583786435,641.0128583786435,1,0.0,0.0,0.0,full precision derived from retained author NPZ
exact7,recovered29,4.7,DIFF,reference,963.9527294587203,963.9527294587203,963.9527294587203,963.9527294587203,1,0.0,0.0,0.0,full precision derived from retained author NPZ
exact7,recovered29,4.7,Min-Max,reference,466.00552668865595,466.00552668865595,466.00552668865595,466.00552668865595,1,0.0,0.0,0.0,full precision derived from retained author NPZ
exact7,recovered29,4.7,WCL,fraction_f7_D1000,597.6726773737064,635.3487468210661,595.3727713831604,809.5365938722035,8,6.303796521687413,-0.38481029460008825,35.448151558386385,full precision derived from retained author NPZ
exact7,recovered29,4.7,ABS,fraction_f7_D1000,641.0128583786435,688.5975464495068,623.6323462751891,801.6052175748482,8,7.423359367739116,-2.711413956252936,25.052907612867806,full precision derived from retained author NPZ
exact7,recovered29,4.7,DIFF,fraction_f7_D1000,963.9527294587203,1055.1024736203335,953.1631447672901,1531.4932782555557,8,9.455831326168417,-1.1193064101274801,58.87638796515688,full precision derived from retained author NPZ
exact7,recovered29,4.7,Min-Max,fraction_f7_D1000,466.00552668865595,499.7755656555688,472.43852683569435,682.8762502534686,8,7.246703533083856,1.3804557625635985,46.53822994457889,full precision derived from retained author NPZ
exact7,recovered29,4.7,WCL,fraction_f7_D10000,597.6726773737064,705.8116263857701,598.8529006035549,1474.8230286146786,8,18.09333990090494,0.19746983165344234,146.76099216971852,full precision derived from retained author NPZ
exact7,recovered29,4.7,ABS,fraction_f7_D10000,641.0128583786435,705.1407249401524,659.6862981113939,923.5475464807474,8,10.004146675577111,2.913114688523149,44.07629026611693,full precision derived from retained author NPZ
exact7,recovered29,4.7,DIFF,fraction_f7_D10000,963.9527294587203,947.7917423778896,840.6107882661281,1299.7969946022456,8,-1.676533152191548,-12.79543461242662,34.84032514043597,full precision derived from retained author NPZ
exact7,recovered29,4.7,Min-Max,fraction_f7_D10000,466.00552668865595,702.6664901152606,502.45980015218373,1120.647804457496,8,50.78501216675929,7.822712688101515,140.47950942140108,full precision derived from retained author NPZ
exact7,official32_minus71,4.7,WCL,reference,593.7425223082155,593.7425223082155,593.7425223082155,593.7425223082155,1,0.0,0.0,0.0,full precision derived from retained author NPZ
exact7,official32_minus71,4.7,ABS,reference,555.6165186830742,555.6165186830742,555.6165186830742,555.6165186830742,1,0.0,0.0,0.0,full precision derived from retained author NPZ
exact7,official32_minus71,4.7,DIFF,reference,1082.7111969409727,1082.7111969409727,1082.7111969409727,1082.7111969409727,1,0.0,0.0,0.0,full precision derived from retained author NPZ
exact7,official32_minus71,4.7,Min-Max,reference,478.88143519512585,478.88143519512585,478.88143519512585,478.88143519512585,1,0.0,0.0,0.0,full precision derived from retained author NPZ
exact7,official32_minus71,4.7,WCL,fraction_f7_D1000,593.7425223082155,639.2661566784136,585.0699617320637,754.9734554390573,8,7.667234981456578,-1.4606601768114251,27.15502546525475,full precision derived from retained author NPZ
exact7,official32_minus71,4.7,ABS,fraction_f7_D1000,555.6165186830742,579.3639528786123,564.2825004596522,685.3948428902359,8,4.274069146076575,1.5597055676310911,23.357535250169136,full precision derived from retained author NPZ
exact7,official32_minus71,4.7,DIFF,fraction_f7_D1000,1082.7111969409727,1115.9258967566261,1056.2534765645787,1554.9231710950226,8,3.0677340281966416,-2.443654452927622,43.61384416160184,full precision derived from retained author NPZ
exact7,official32_minus71,4.7,Min-Max,fraction_f7_D1000,478.88143519512585,502.3506991483001,481.15155737107045,585.4458444175696,8,4.900850654945822,0.47404681182088826,22.252775194557877,full precision derived from retained author NPZ
exact7,official32_minus71,4.7,WCL,fraction_f7_D10000,593.7425223082155,680.9610508052311,620.4699395479507,802.1784256471586,8,14.689621379642396,4.501516437770121,35.10543636467774,full precision derived from retained author NPZ
exact7,official32_minus71,4.7,ABS,fraction_f7_D10000,555.6165186830742,628.8310173288379,589.5586826222644,647.5128885706902,8,13.17716377822912,6.108919155182812,16.539531636933564,full precision derived from retained author NPZ
exact7,official32_minus71,4.7,DIFF,fraction_f7_D10000,1082.7111969409727,893.7577353497519,790.2302802628908,977.843908025148,8,-17.451880254409357,-27.013751913200856,-9.685619693609011,full precision derived from retained author NPZ
exact7,official32_minus71,4.7,Min-Max,fraction_f7_D10000,478.88143519512585,645.222183012278,541.3539097372166,899.7853964678291,8,34.73526756145281,13.045499355521178,87.89314647397032,full precision derived from retained author NPZ
exact7,official33_published,4.7,WCL,reference,584.7477072723547,584.7477072723547,584.7477072723547,584.7477072723547,1,0.0,0.0,0.0,full precision derived from retained author NPZ
exact7,official33_published,4.7,ABS,reference,527.7528095638735,527.7528095638735,527.7528095638735,527.7528095638735,1,0.0,0.0,0.0,full precision derived from retained author NPZ
exact7,official33_published,4.7,DIFF,reference,1011.5353965136167,1011.5353965136167,1011.5353965136167,1011.5353965136167,1,0.0,0.0,0.0,full precision derived from retained author NPZ
exact7,official33_published,4.7,Min-Max,reference,467.635802988949,467.635802988949,467.635802988949,467.635802988949,1,0.0,0.0,0.0,full precision derived from retained author NPZ
exact7,official33_published,4.7,WCL,fraction_f7_D1000,584.7477072723547,627.5734439947425,530.1463832558352,751.5378080114979,8,7.323797287236079,-9.337586678401138,28.523429620128173,full precision derived from retained author NPZ
exact7,official33_published,4.7,ABS,fraction_f7_D1000,527.7528095638735,545.753235355413,524.8032554264498,639.4919358167793,8,3.410768349374553,-0.5588893292413025,21.172625560296932,full precision derived from retained author NPZ
exact7,official33_published,4.7,DIFF,fraction_f7_D1000,1011.5353965136167,1109.4321013358547,1007.5871899329527,1613.7528832642943,8,9.67803056221772,-0.390318183058344,59.53498897085515,full precision derived from retained author NPZ
exact7,official33_published,4.7,Min-Max,fraction_f7_D1000,467.635802988949,496.0910310179941,456.37874822689787,546.0608440012381,8,6.084912200299927,-2.4072268825655287,16.770538207516676,full precision derived from retained author NPZ
exact7,official33_published,4.7,WCL,fraction_f7_D10000,584.7477072723547,671.0296718912246,584.9769874283049,762.5709344086763,8,14.755417344233011,0.039210099175897614,30.410247859851445,full precision derived from retained author NPZ
exact7,official33_published,4.7,ABS,fraction_f7_D10000,527.7528095638735,584.5106567104315,534.9569268182976,644.108629741506,8,10.754627188713933,1.365055215978378,22.04740895151029,full precision derived from retained author NPZ
exact7,official33_published,4.7,DIFF,fraction_f7_D10000,1011.5353965136167,813.4203435728898,747.0545339461954,950.086388490125,8,-19.585577887195562,-26.14647628535666,-6.074825283947879,full precision derived from retained author NPZ
exact7,official33_published,4.7,Min-Max,fraction_f7_D10000,467.635802988949,579.3750789528881,520.85051074687,826.9043331787013,8,23.89450834383176,11.379519578653499,76.82656629228246,full precision derived from retained author NPZ
exact7,official33_repaired71,4.7,WCL,reference,579.9529674978758,579.9529674978758,579.9529674978758,579.9529674978758,1,0.0,0.0,0.0,full precision derived from retained author NPZ
exact7,official33_repaired71,4.7,ABS,reference,527.516800684027,527.516800684027,527.516800684027,527.516800684027,1,0.0,0.0,0.0,full precision derived from retained author NPZ
exact7,official33_repaired71,4.7,DIFF,reference,1012.5701806878126,1012.5701806878126,1012.5701806878126,1012.5701806878126,1,0.0,0.0,0.0,full precision derived from retained author NPZ
exact7,official33_repaired71,4.7,Min-Max,reference,465.808146845612,465.808146845612,465.808146845612,465.808146845612,1,0.0,0.0,0.0,full precision derived from retained author NPZ
exact7,official33_repaired71,4.7,WCL,fraction_f7_D1000,579.9529674978758,623.8286782174146,529.0431214514989,747.6021165199284,8,7.565391191777893,-8.778271497776814,28.907369807132962,full precision derived from retained author NPZ
exact7,official33_repaired71,4.7,ABS,fraction_f7_D1000,527.516800684027,543.5525021687977,523.6623896427274,638.3363846403312,8,3.039846591421795,-0.7306707646660027,21.007782844566332,full precision derived from retained author NPZ
exact7,official33_repaired71,4.7,DIFF,fraction_f7_D1000,1012.5701806878126,1113.3323898806202,1007.0861461980845,1607.0934296203698,8,9.95113337471211,-0.5415954957317525,58.71427583703018,full precision derived from retained author NPZ
exact7,official33_repaired71,4.7,Min-Max,fraction_f7_D1000,465.808146845612,495.63368010415013,456.2637075355484,545.9344812010388,8,6.402965139298767,-2.0490065222553957,17.201574274308257,full precision derived from retained author NPZ
exact7,official33_repaired71,4.7,WCL,fraction_f7_D10000,579.9529674978758,668.8270113373476,582.2491358895891,758.7681417829467,8,15.324353666626827,0.39592320763868133,30.83270270286632,full precision derived from retained author NPZ
exact7,official33_repaired71,4.7,ABS,fraction_f7_D10000,527.516800684027,583.583905782918,532.5873914836142,643.490040177913,8,10.628496576069095,0.961218826208416,21.984748039020634,full precision derived from retained author NPZ
exact7,official33_repaired71,4.7,DIFF,fraction_f7_D10000,1012.5701806878126,813.265040482431,746.7338780627789,949.7703509381037,8,-19.683093972804805,-26.253617546238424,-6.2020224323661814,full precision derived from retained author NPZ
exact7,official33_repaired71,4.7,Min-Max,fraction_f7_D10000,465.808146845612,578.3835532527028,519.2717841158191,822.1295615282183,8,24.167762451008162,11.477608889465628,76.4953161715967,full precision derived from retained author NPZ
exact7,recovered27_common,4.7,WCL,reference,593.2183143536402,593.2183143536402,593.2183143536402,593.2183143536402,1,0.0,0.0,0.0,full precision derived from retained author NPZ
exact7,recovered27_common,4.7,ABS,reference,639.9899678146855,639.9899678146855,639.9899678146855,639.9899678146855,1,0.0,0.0,0.0,full precision derived from retained author NPZ
exact7,recovered27_common,4.7,DIFF,reference,989.6227832833138,989.6227832833138,989.6227832833138,989.6227832833138,1,0.0,0.0,0.0,full precision derived from retained author NPZ
exact7,recovered27_common,4.7,Min-Max,reference,469.8231520356294,469.8231520356294,469.8231520356294,469.8231520356294,1,0.0,0.0,0.0,full precision derived from retained author NPZ
exact7,recovered27_common,4.7,WCL,fraction_f7_D1000,593.2183143536402,612.8880025505204,587.3579112944899,808.9310532057416,8,3.3157587554106343,-0.9878998873350102,36.36312865477495,full precision derived from retained author NPZ
exact7,recovered27_common,4.7,ABS,fraction_f7_D1000,639.9899678146855,705.6795171770781,629.6865396318736,812.3795216315539,8,10.264152981443843,-1.6099358897755947,26.936290018031215,full precision derived from retained author NPZ
exact7,recovered27_common,4.7,DIFF,fraction_f7_D1000,989.6227832833138,1054.701621186702,932.3652626742762,1584.759168312391,8,6.576125671589058,-5.785792483381581,60.13770045335535,full precision derived from retained author NPZ
exact7,recovered27_common,4.7,Min-Max,fraction_f7_D1000,469.8231520356294,504.90101696874586,447.2620236572552,673.0366302024922,8,7.466184835960641,-4.802046957588679,43.25318522222421,full precision derived from retained author NPZ
exact7,recovered27_common,4.7,WCL,fraction_f7_D10000,593.2183143536402,711.0305400024615,598.4417908135731,1437.8986637229473,8,19.85984296138723,0.8805318941685674,142.38945914703515,full precision derived from retained author NPZ
exact7,recovered27_common,4.7,ABS,fraction_f7_D10000,639.9899678146855,760.4585955361307,644.700228873887,923.132131181666,8,18.82351814557316,0.7359898273538801,44.24165652686709,full precision derived from retained author NPZ
exact7,recovered27_common,4.7,DIFF,fraction_f7_D10000,989.6227832833138,960.642158016549,826.1586227709336,1262.743032815443,8,-2.9284517046600786,-16.517825102009898,27.598419735849912,full precision derived from retained author NPZ
exact7,recovered27_common,4.7,Min-Max,fraction_f7_D10000,469.8231520356294,746.3069983774417,510.4660356416167,1178.992444402685,8,58.84849334135091,8.650677053672556,150.94387947771358,full precision derived from retained author NPZ
exact7,official27_common,4.7,WCL,reference,550.147955381421,550.147955381421,550.147955381421,550.147955381421,1,0.0,0.0,0.0,full precision derived from retained author NPZ
exact7,official27_common,4.7,ABS,reference,560.2566653454028,560.2566653454028,560.2566653454028,560.2566653454028,1,0.0,0.0,0.0,full precision derived from retained author NPZ
exact7,official27_common,4.7,DIFF,reference,1104.02759665123,1104.02759665123,1104.02759665123,1104.02759665123,1,0.0,0.0,0.0,full precision derived from retained author NPZ
exact7,official27_common,4.7,Min-Max,reference,442.6550881089566,442.6550881089566,442.6550881089566,442.6550881089566,1,0.0,0.0,0.0,full precision derived from retained author NPZ
exact7,official27_common,4.7,WCL,fraction_f7_D1000,550.147955381421,592.989231757841,530.4441267031675,659.2592412894418,8,7.787228136968707,-3.581550832919602,19.833080326977367,full precision derived from retained author NPZ
exact7,official27_common,4.7,ABS,fraction_f7_D1000,560.2566653454028,582.7723461686485,527.748521470651,643.5552612739564,8,4.018815342315402,-5.80236628772819,14.867934837901362,full precision derived from retained author NPZ
exact7,official27_common,4.7,DIFF,fraction_f7_D1000,1104.02759665123,1188.1080238601958,989.2993379261252,1615.2685788049143,8,7.615790353791983,-10.391792657457295,46.30690244559068,full precision derived from retained author NPZ
exact7,official27_common,4.7,Min-Max,fraction_f7_D1000,442.6550881089566,468.6598613842125,410.2734616745407,517.5335381882483,8,5.874725937602913,-7.3153177957925895,16.915754972833575,full precision derived from retained author NPZ
exact7,official27_common,4.7,WCL,fraction_f7_D10000,550.147955381421,605.2856886082386,546.6753385433319,699.099721434136,8,10.022346295659743,-0.6312150766208795,27.074855881168517,full precision derived from retained author NPZ
exact7,official27_common,4.7,ABS,fraction_f7_D10000,560.2566653454028,611.0401301336375,560.5029077829261,741.4772265865327,8,9.064321395788534,0.043951719409079784,32.345989338548236,full precision derived from retained author NPZ
exact7,official27_common,4.7,DIFF,fraction_f7_D10000,1104.02759665123,813.1242811215111,748.6205280706195,982.874829428755,8,-26.34927934882204,-32.19186455652395,-10.973708228848555,full precision derived from retained author NPZ
exact7,official27_common,4.7,Min-Max,fraction_f7_D10000,442.6550881089566,638.0448683056419,519.6774284042153,776.6306013472314,8,44.140412127961675,17.400080189815917,75.4482490340355,full precision derived from retained author NPZ
exact7,recovered26_common_minus71,4.7,WCL,reference,613.7384027086815,613.7384027086815,613.7384027086815,613.7384027086815,1,0.0,0.0,0.0,full precision derived from retained author NPZ
exact7,recovered26_common_minus71,4.7,ABS,reference,644.4770106056751,644.4770106056751,644.4770106056751,644.4770106056751,1,0.0,0.0,0.0,full precision derived from retained author NPZ
exact7,recovered26_common_minus71,4.7,DIFF,reference,1001.075109489035,1001.075109489035,1001.075109489035,1001.075109489035,1,0.0,0.0,0.0,full precision derived from retained author NPZ
exact7,recovered26_common_minus71,4.7,Min-Max,reference,509.6405932843563,509.6405932843563,509.6405932843563,509.6405932843563,1,0.0,0.0,0.0,full precision derived from retained author NPZ
exact7,recovered26_common_minus71,4.7,WCL,fraction_f7_D1000,613.7384027086815,650.3330611885474,613.7384027086815,867.1889360160708,8,5.962582481128523,0.0,41.296182899555774,full precision derived from retained author NPZ
exact7,recovered26_common_minus71,4.7,ABS,fraction_f7_D1000,644.4770106056751,700.4934740023625,624.76013241398,779.5586099337067,8,8.691770610101907,-3.0593609806446427,20.959878646576218,full precision derived from retained author NPZ
exact7,recovered26_common_minus71,4.7,DIFF,fraction_f7_D1000,1001.075109489035,1049.7704443297757,947.1270886145667,1554.0537348577263,8,4.864303824874406,-5.389008313472526,55.2384751280991,full precision derived from retained author NPZ
exact7,recovered26_common_minus71,4.7,Min-Max,fraction_f7_D1000,509.6405932843563,571.6867790192539,505.1581293520102,688.4825472801759,8,12.17449837247925,-0.8795343211299376,35.09177964872863,full precision derived from retained author NPZ
exact7,recovered26_common_minus71,4.7,WCL,fraction_f7_D10000,613.7384027086815,764.9962339248806,633.1915431607384,1407.8206169887235,8,24.64532617620727,3.1696143448417367,129.38447566185016,full precision derived from retained author NPZ
exact7,recovered26_common_minus71,4.7,ABS,fraction_f7_D10000,644.4770106056751,733.3079248167942,647.1873386667316,912.2731298343867,8,13.783410850859738,0.42054689561531383,41.55247042513412,full precision derived from retained author NPZ
exact7,recovered26_common_minus71,4.7,DIFF,fraction_f7_D10000,1001.075109489035,962.4268896638451,814.9607295009489,1297.321041333707,8,-3.860671338129313,-18.591450154332765,29.592777708346052,full precision derived from retained author NPZ
exact7,recovered26_common_minus71,4.7,Min-Max,fraction_f7_D10000,509.6405932843563,740.2308871176969,559.0012148593146,1175.3639580998633,8,45.245668589174095,9.685378720885616,130.62604776540311,full precision derived from retained author NPZ
exact7,official26_common_minus71,4.7,WCL,reference,577.0037145005424,577.0037145005424,577.0037145005424,577.0037145005424,1,0.0,0.0,0.0,full precision derived from retained author NPZ
exact7,official26_common_minus71,4.7,ABS,reference,549.1908372931518,549.1908372931518,549.1908372931518,549.1908372931518,1,0.0,0.0,0.0,full precision derived from retained author NPZ
exact7,official26_common_minus71,4.7,DIFF,reference,1048.1528987926704,1048.1528987926704,1048.1528987926704,1048.1528987926704,1,0.0,0.0,0.0,full precision derived from retained author NPZ
exact7,official26_common_minus71,4.7,Min-Max,reference,480.5742969155297,480.5742969155297,480.5742969155297,480.5742969155297,1,0.0,0.0,0.0,full precision derived from retained author NPZ
exact7,official26_common_minus71,4.7,WCL,fraction_f7_D1000,577.0037145005424,648.9452600037584,567.4988382255332,815.5284373388916,8,12.468125194911275,-1.6472816441462075,41.338507334362234,full precision derived from retained author NPZ
exact7,official26_common_minus71,4.7,ABS,fraction_f7_D1000,549.1908372931518,601.5015590120468,519.6476715956996,651.8411341935836,8,9.525053618287524,-5.379398870357043,18.691188914653754,full precision derived from retained author NPZ
exact7,official26_common_minus71,4.7,DIFF,fraction_f7_D1000,1048.1528987926704,1253.9926528925423,1028.5141271590928,1573.6964394346849,8,19.638332760131785,-1.8736552325713889,50.139969201761424,full precision derived from retained author NPZ
exact7,official26_common_minus71,4.7,Min-Max,fraction_f7_D1000,480.5742969155297,518.2885954981327,473.4059618780433,583.3627338122346,8,7.8477560753175375,-1.491618483030607,21.388667175176035,full precision derived from retained author NPZ
exact7,official26_common_minus71,4.7,WCL,fraction_f7_D10000,577.0037145005424,636.8033773533498,591.8883769135691,729.2278459351355,8,10.363826323816703,2.579647589601908,26.381828679622828,full precision derived from retained author NPZ
exact7,official26_common_minus71,4.7,ABS,fraction_f7_D10000,549.1908372931518,609.9839892624937,560.8384497030411,741.5786950328422,8,11.069585987446311,2.120867942243521,35.0311484962004,full precision derived from retained author NPZ
exact7,official26_common_minus71,4.7,DIFF,fraction_f7_D10000,1048.1528987926704,838.5446472132228,734.9293709273186,984.2417615296614,8,-19.997869759353602,-29.883381348860716,-6.09750136040514,full precision derived from retained author NPZ
exact7,official26_common_minus71,4.7,Min-Max,fraction_f7_D10000,480.5742969155297,676.4758458604033,567.1555571763853,767.7008361403407,8,40.76405047091128,18.01620702908169,59.74654513728167,full precision derived from retained author NPZ
g5,recovered29,3.5,WCL,reference,584.3011457663958,584.3011457663958,584.3011457663958,584.3011457663958,1,0.0,0.0,0.0,full precision derived from retained author NPZ
g5,recovered29,3.5,ABS,reference,660.8163328599535,660.8163328599535,660.8163328599535,660.8163328599535,1,0.0,0.0,0.0,full precision derived from retained author NPZ
g5,recovered29,3.5,DIFF,reference,965.3007810524468,965.3007810524468,965.3007810524468,965.3007810524468,1,0.0,0.0,0.0,full precision derived from retained author NPZ
g5,recovered29,3.5,Min-Max,reference,489.8414146431944,489.8414146431944,489.8414146431944,489.8414146431944,1,0.0,0.0,0.0,full precision derived from retained author NPZ
g5,recovered29,3.5,WCL,fraction_f1_D10000,584.3011457663958,587.4483854758339,584.3011457663958,612.7354048302859,8,0.5386331572754306,0.0,4.8663705813197415,full precision derived from retained author NPZ
g5,recovered29,3.5,ABS,fraction_f1_D10000,660.8163328599535,662.7865959774207,661.5707313072942,688.4351593878607,8,0.298155935241503,0.11416159223482301,4.179501194889576,full precision derived from retained author NPZ
g5,recovered29,3.5,DIFF,fraction_f1_D10000,965.3007810524468,960.7133708469623,910.0554434293867,1013.8289875199974,8,-0.4752311710017418,-5.723121612190895,5.0272627371793215,full precision derived from retained author NPZ
g5,recovered29,3.5,Min-Max,fraction_f1_D10000,489.8414146431944,491.0299822084121,489.8414146431944,572.0494339348543,8,0.2426433391883466,0.0,16.78257836805021,full precision derived from retained author NPZ
g5,recovered29,3.5,WCL,fraction_f29_D10000,584.3011457663958,5506.251595334099,4798.161152991143,7152.107725746593,8,842.3653599227243,721.1794872826507,1124.0447888161445,full precision derived from retained author NPZ
g5,recovered29,3.5,ABS,fraction_f29_D10000,660.8163328599535,3344.693728865287,2900.5808661782276,4104.0194872190195,8,406.14574164499754,338.9390397820186,521.0529738962706,full precision derived from retained author NPZ
g5,recovered29,3.5,DIFF,fraction_f29_D10000,965.3007810524468,3691.0427624808294,3161.451456142261,4842.854097538371,8,282.37229627604404,227.5094683643991,401.6937925045819,full precision derived from retained author NPZ
g5,recovered29,3.5,Min-Max,fraction_f29_D10000,489.8414146431944,3479.4497668082927,2629.658401904976,4938.786283206915,8,610.3216801998582,436.8387243901063,908.2418790180039,full precision derived from retained author NPZ
g5,recovered29,3.5,WCL,top6_D5000,584.3011457663958,865.5562357221626,810.2850034794434,875.9342612993457,8,48.13529666912766,38.675922398994594,49.91143995626274,full precision derived from retained author NPZ
g5,recovered29,3.5,ABS,top6_D5000,660.8163328599535,977.2933613319542,897.6571720524958,1024.2308790048073,8,47.891829050640546,35.84064548881782,54.99478872927193,full precision derived from retained author NPZ
g5,recovered29,3.5,DIFF,top6_D5000,965.3007810524468,1185.4368612002231,1135.6144878542686,1303.802277988563,8,22.804920960259313,17.64358945365531,35.06694530662818,full precision derived from retained author NPZ
g5,recovered29,3.5,Min-Max,top6_D5000,489.8414146431944,1033.1852793523315,897.9221839585506,1164.6546656128644,8,110.92240232584547,83.30875199938055,137.76157564407066,full precision derived from retained author NPZ
g5,recovered29,3.5,WCL,top7_D5000,584.3011457663958,2004.7703718646408,1804.1710891724688,2298.463832614062,8,243.1056718595157,208.7741830124321,293.36972882353206,full precision derived from retained author NPZ
g5,recovered29,3.5,ABS,top7_D5000,660.8163328599535,1205.4061031519957,1114.9993961020868,1304.5920265817463,8,82.41166920543668,68.73060495894072,97.42127452201274,full precision derived from retained author NPZ
g5,recovered29,3.5,DIFF,top7_D5000,965.3007810524468,1611.651888380966,1391.0348075601005,1741.887192367231,8,66.9585190456198,44.10376898726684,80.45020024412375,full precision derived from retained author NPZ
g5,recovered29,3.5,Min-Max,top7_D5000,489.8414146431944,1834.981708946552,1589.1051593130783,2179.7157684986173,8,274.6073023007195,224.41216928760485,344.9839689619435,full precision derived from retained author NPZ
g5,recovered29,3.5,WCL,legacy_iso,584.3011457663958,683.162667676098,540.5043607535465,804.645345835131,8,16.91961801307626,-7.495584311306372,37.71072531095618,full precision derived from retained author NPZ
g5,recovered29,3.5,ABS,legacy_iso,660.8163328599535,692.4107219558725,543.0172848791983,827.7100684729771,8,4.781115042841234,-17.826291833758333,25.255691682244382,full precision derived from retained author NPZ
g5,recovered29,3.5,DIFF,legacy_iso,965.3007810524468,1176.9563294459788,849.8614441593213,1269.574168687728,8,21.926383211123937,-11.958898113318057,31.521096181393155,full precision derived from retained author NPZ
g5,recovered29,3.5,Min-Max,legacy_iso,489.8414146431944,536.8155516475101,466.0931055309061,608.6396140676679,8,9.589662204967327,-4.848162773167483,24.252379621883826,full precision derived from retained author NPZ
g5,recovered29,3.5,WCL,opcenter_exact_iso,584.3011457663958,603.0671090411752,531.3814817488325,654.0877044645013,8,3.211693732033511,-9.056916010005688,11.94359436118685,full precision derived from retained author NPZ
g5,recovered29,3.5,ABS,opcenter_exact_iso,660.8163328599535,676.3483050499553,639.707176305671,695.4676726575326,8,2.3504219580622165,-3.1944059952216843,5.243717213769708,full precision derived from retained author NPZ
g5,recovered29,3.5,DIFF,opcenter_exact_iso,965.3007810524468,1004.985118740508,880.8219798487821,1126.2930744718756,8,4.111085214786028,-8.751552144354351,16.677940863561954,full precision derived from retained author NPZ
g5,recovered29,3.5,Min-Max,opcenter_exact_iso,489.8414146431944,499.26766068330545,461.0063957691501,526.2111905799629,8,1.9243464840508053,-5.886602890661669,7.424806243314613,full precision derived from retained author NPZ
g5,recovered29,3.5,WCL,legacy_rotation,584.3011457663958,843.4125161574818,843.4125161574818,843.4125161574818,1,44.34551810628812,44.34551810628812,44.34551810628812,full precision derived from retained author NPZ
g5,recovered29,3.5,ABS,legacy_rotation,660.8163328599535,845.5349286986873,845.5349286986873,845.5349286986873,1,27.953091752331297,27.953091752331297,27.953091752331297,full precision derived from retained author NPZ
g5,recovered29,3.5,DIFF,legacy_rotation,965.3007810524468,1118.1955478619125,1118.1955478619125,1118.1955478619125,1,15.839080399662345,15.839080399662345,15.839080399662345,full precision derived from retained author NPZ
g5,recovered29,3.5,Min-Max,legacy_rotation,489.8414146431944,627.3902534009301,627.3902534009301,627.3902534009301,1,28.080279585573155,28.080279585573155,28.080279585573155,full precision derived from retained author NPZ
g5,recovered29,3.5,WCL,opcenter_rotation,584.3011457663958,639.6528625495563,639.6528625495563,639.6528625495563,1,9.473148766559174,9.473148766559174,9.473148766559174,full precision derived from retained author NPZ
g5,recovered29,3.5,ABS,opcenter_rotation,660.8163328599535,715.8423040012437,715.8423040012437,715.8423040012437,1,8.326968993508803,8.326968993508803,8.326968993508803,full precision derived from retained author NPZ
g5,recovered29,3.5,DIFF,opcenter_rotation,965.3007810524468,1059.8751555689269,1059.8751555689269,1059.8751555689269,1,9.79739956424438,9.79739956424438,9.79739956424438,full precision derived from retained author NPZ
g5,recovered29,3.5,Min-Max,opcenter_rotation,489.8414146431944,520.1437571877594,520.1437571877594,520.1437571877594,1,6.186153648653322,6.186153648653322,6.186153648653322,full precision derived from retained author NPZ
g5,recovered29,4.7,WCL,reference,597.6726773737064,597.6726773737064,597.6726773737064,597.6726773737064,1,0.0,0.0,0.0,full precision derived from retained author NPZ
g5,recovered29,4.7,ABS,reference,641.0128583786435,641.0128583786435,641.0128583786435,641.0128583786435,1,0.0,0.0,0.0,full precision derived from retained author NPZ
g5,recovered29,4.7,DIFF,reference,963.9527294587203,963.9527294587203,963.9527294587203,963.9527294587203,1,0.0,0.0,0.0,full precision derived from retained author NPZ
g5,recovered29,4.7,Min-Max,reference,466.00552668865595,466.00552668865595,466.00552668865595,466.00552668865595,1,0.0,0.0,0.0,full precision derived from retained author NPZ
g5,recovered29,4.7,WCL,fraction_f1_D10000,597.6726773737064,598.0697212291991,597.4978956563131,640.4138829130085,8,0.06643165574130003,-0.029243718846468914,7.151273122792816,full precision derived from retained author NPZ
g5,recovered29,4.7,ABS,fraction_f1_D10000,641.0128583786435,644.8660127878845,640.3581513361585,662.9777124844286,8,0.60110407441546,-0.10213633532110777,3.426585569803118,full precision derived from retained author NPZ
g5,recovered29,4.7,DIFF,fraction_f1_D10000,963.9527294587203,956.5777724882319,887.2810976558823,987.030493730763,8,-0.7650745461999653,-7.953878801286325,2.39407634490556,full precision derived from retained author NPZ
g5,recovered29,4.7,Min-Max,fraction_f1_D10000,466.00552668865595,466.6436155717528,463.904082676714,551.6854909913313,8,0.13692732093350096,-0.45094830245349543,18.386040378426504,full precision derived from retained author NPZ
g5,recovered29,4.7,WCL,fraction_f29_D10000,597.6726773737064,5649.299909102471,4922.797740548312,7095.337721639871,8,845.2163572085356,723.6611655363052,1087.1611318787748,full precision derived from retained author NPZ
g5,recovered29,4.7,ABS,fraction_f29_D10000,641.0128583786435,3011.614885614644,2460.075222887917,3802.4168751428824,8,369.8212908290361,283.7793876881579,493.1888612594432,full precision derived from retained author NPZ
g5,recovered29,4.7,DIFF,fraction_f29_D10000,963.9527294587203,3305.337095006063,2751.037604805122,4380.401773331624,8,242.89410611058486,185.39133929833753,354.4208071065177,full precision derived from retained author NPZ
g5,recovered29,4.7,Min-Max,fraction_f29_D10000,466.00552668865595,3182.3358619434707,2353.6033682095176,4548.278240263933,8,582.8965923551436,405.05911055041827,876.0137980729774,full precision derived from retained author NPZ
g5,recovered29,4.7,WCL,top6_D5000,597.6726773737064,893.648580728249,854.1401918439121,910.0074922518237,8,49.5214043672065,42.91103210492664,52.2585064872932,full precision derived from retained author NPZ
g5,recovered29,4.7,ABS,top6_D5000,641.0128583786435,885.7042888394874,775.6701428713543,933.1546395462574,8,38.17262434949561,21.006955279073253,45.575026670533184,full precision derived from retained author NPZ
g5,recovered29,4.7,DIFF,top6_D5000,963.9527294587203,1093.1484455888256,1029.4296899875224,1183.8347700823442,8,13.402702454367375,6.7925489007711715,22.81045884346344,full precision derived from retained author NPZ
g5,recovered29,4.7,Min-Max,top6_D5000,466.00552668865595,922.5822651573037,824.6387629162575,1006.190071389911,8,97.97667888468892,76.9590092151866,115.91805542301199,full precision derived from retained author NPZ
g5,recovered29,4.7,WCL,top7_D5000,597.6726773737064,1992.5008227410913,1851.1973735652819,2322.363291393027,8,233.37659527896434,209.73431506017883,288.5677527702884,full precision derived from retained author NPZ
g5,recovered29,4.7,ABS,top7_D5000,641.0128583786435,1057.7546709803025,964.9047260262149,1187.0315927191527,8,65.01301918587903,50.52813893106804,85.18062113786466,full precision derived from retained author NPZ
g5,recovered29,4.7,DIFF,top7_D5000,963.9527294587203,1434.5298707613852,1174.4860117508406,1557.3720117055052,8,48.81744995596451,21.84062307809835,61.56103552712613,full precision derived from retained author NPZ
g5,recovered29,4.7,Min-Max,top7_D5000,466.00552668865595,1599.9493899782135,1416.276383484672,2020.580732182809,8,243.3327070919396,203.9183662795707,333.59587310920114,full precision derived from retained author NPZ
g5,recovered29,4.7,WCL,legacy_iso,597.6726773737064,716.5097157749852,537.8959340414359,895.592152921157,8,19.88329781503023,-10.00158541543868,49.846594436367496,full precision derived from retained author NPZ
g5,recovered29,4.7,ABS,legacy_iso,641.0128583786435,668.8143567149359,530.632610427266,769.7312239386872,8,4.337120226669492,-17.219662056478814,20.080465450509003,full precision derived from retained author NPZ
g5,recovered29,4.7,DIFF,legacy_iso,963.9527294587203,1203.319443852635,825.219994024028,1282.9929975529444,8,24.831789680010978,-14.392068323992786,33.097086438395365,full precision derived from retained author NPZ
g5,recovered29,4.7,Min-Max,legacy_iso,466.00552668865595,504.57369367680786,451.2370954538461,589.8502619524751,8,8.276332528116084,-3.1691536664278255,26.575808262154222,full precision derived from retained author NPZ
g5,recovered29,4.7,WCL,opcenter_exact_iso,597.6726773737064,619.6757854819095,553.9545324891658,692.6182750267762,8,3.681464611179688,-7.3147303766079625,15.885885577082066,full precision derived from retained author NPZ
g5,recovered29,4.7,ABS,opcenter_exact_iso,641.0128583786435,661.6530512873471,641.0615891562517,689.800449446587,8,3.2199343022400893,0.007602152900868273,7.611015977330812,full precision derived from retained author NPZ
g5,recovered29,4.7,DIFF,opcenter_exact_iso,963.9527294587203,1007.9692746770387,888.0569307584649,1096.2836499840093,8,4.566255571788729,-7.8733942423579775,13.727947074707242,full precision derived from retained author NPZ
g5,recovered29,4.7,Min-Max,opcenter_exact_iso,466.00552668865595,480.06895952819497,452.493456984988,501.6491248639036,8,3.017868251364103,-2.899551385083799,7.64875009713384,full precision derived from retained author NPZ
g5,recovered29,4.7,WCL,legacy_rotation,597.6726773737064,895.2634410290896,895.2634410290896,895.2634410290896,1,49.79159578835972,49.79159578835972,49.79159578835972,full precision derived from retained author NPZ
g5,recovered29,4.7,ABS,legacy_rotation,641.0128583786435,811.6151073791002,811.6151073791002,811.6151073791002,1,26.614481561566855,26.614481561566855,26.614481561566855,full precision derived from retained author NPZ
g5,recovered29,4.7,DIFF,legacy_rotation,963.9527294587203,1077.964347092804,1077.964347092804,1077.964347092804,1,11.827511261688484,11.827511261688484,11.827511261688484,full precision derived from retained author NPZ
g5,recovered29,4.7,Min-Max,legacy_rotation,466.00552668865595,623.2348961292362,623.2348961292362,623.2348961292362,1,33.73980788550328,33.73980788550328,33.73980788550328,full precision derived from retained author NPZ
g5,recovered29,4.7,WCL,opcenter_rotation,597.6726773737064,671.560814219227,671.560814219227,671.560814219227,1,12.362642570545459,12.362642570545459,12.362642570545459,full precision derived from retained author NPZ
g5,recovered29,4.7,ABS,opcenter_rotation,641.0128583786435,693.9341492061328,693.9341492061328,693.9341492061328,1,8.255885999127484,8.255885999127484,8.255885999127484,full precision derived from retained author NPZ
g5,recovered29,4.7,DIFF,opcenter_rotation,963.9527294587203,1077.808608727102,1077.808608727102,1077.808608727102,1,11.811355037327823,11.811355037327823,11.811355037327823,full precision derived from retained author NPZ
g5,recovered29,4.7,Min-Max,opcenter_rotation,466.00552668865595,496.3337377813088,496.3337377813088,496.3337377813088,1,6.508122619952425,6.508122619952425,6.508122619952425,full precision derived from retained author NPZ
g5,recovered29,6.0,WCL,reference,611.0230442357513,611.0230442357513,611.0230442357513,611.0230442357513,1,0.0,0.0,0.0,full precision derived from retained author NPZ
g5,recovered29,6.0,ABS,reference,640.8406079156141,640.8406079156141,640.8406079156141,640.8406079156141,1,0.0,0.0,0.0,full precision derived from retained author NPZ
g5,recovered29,6.0,DIFF,reference,939.4577557679286,939.4577557679286,939.4577557679286,939.4577557679286,1,0.0,0.0,0.0,full precision derived from retained author NPZ
g5,recovered29,6.0,Min-Max,reference,462.1034699722252,462.1034699722252,462.1034699722252,462.1034699722252,1,0.0,0.0,0.0,full precision derived from retained author NPZ
g5,recovered29,6.0,WCL,fraction_f1_D10000,611.0230442357513,612.5022715628529,611.0230442357513,676.0292388770904,8,0.2420902682896023,0.0,10.63891047229599,full precision derived from retained author NPZ
g5,recovered29,6.0,ABS,fraction_f1_D10000,640.8406079156141,644.5441330349463,640.2931797153428,667.400720907249,8,0.5779167352359603,-0.08542345686423092,4.144573964815344,full precision derived from retained author NPZ
g5,recovered29,6.0,DIFF,fraction_f1_D10000,939.4577557679286,936.9255041013115,864.2988617080282,983.860297580175,8,-0.2695439631074381,-8.000242011783088,4.7264011116658535,full precision derived from retained author NPZ
g5,recovered29,6.0,Min-Max,fraction_f1_D10000,462.1034699722252,462.24172649672676,458.668571527332,540.5884455267151,8,0.029918953975801382,-0.743318037646338,16.98428612951278,full precision derived from retained author NPZ
g5,recovered29,6.0,WCL,fraction_f29_D10000,611.0230442357513,5847.865130856111,5137.143208409165,7118.5656482265695,8,857.0613066108563,740.7445933294617,1065.0240879425833,full precision derived from retained author NPZ
g5,recovered29,6.0,ABS,fraction_f29_D10000,640.8406079156141,2870.196440797408,2207.3225616710174,3641.104057811537,8,347.87992604478575,244.44174329877634,468.1762380281304,full precision derived from retained author NPZ
g5,recovered29,6.0,DIFF,fraction_f29_D10000,939.4577557679286,3131.083748502032,2547.2628658871868,4201.853019218421,8,233.2862738402358,171.14182093318408,347.26364686656456,full precision derived from retained author NPZ
g5,recovered29,6.0,Min-Max,fraction_f29_D10000,462.1034699722252,2966.4099212206465,2229.758288606794,4342.549850252244,8,541.9363008459866,382.52359774333956,839.7353909749378,full precision derived from retained author NPZ
g5,recovered29,6.0,WCL,top6_D5000,611.0230442357513,911.7012539406625,884.6824018270964,921.2825263453574,8,49.20898033902963,44.787076391468965,50.77705088810015,full precision derived from retained author NPZ
g5,recovered29,6.0,ABS,top6_D5000,640.8406079156141,827.2189953291885,709.0601779379759,858.6830374317724,8,29.08342341472167,10.645325714338158,33.9932312068532,full precision derived from retained author NPZ
g5,recovered29,6.0,DIFF,top6_D5000,939.4577557679286,1031.812368743092,958.927252875728,1151.7445848549487,8,9.830629680593916,2.072418582769024,22.59674027742666,full precision derived from retained author NPZ
g5,recovered29,6.0,Min-Max,top6_D5000,462.1034699722252,849.5166718469702,785.0703235933429,911.9532189646195,8,83.836895208346,69.89059260700417,97.34827332489682,full precision derived from retained author NPZ
g5,recovered29,6.0,WCL,top7_D5000,611.0230442357513,2077.1281645227864,1941.2308445274707,2344.0517439430005,8,239.94268859708788,217.70174019467663,283.62738787943226,full precision derived from retained author NPZ
g5,recovered29,6.0,ABS,top7_D5000,640.8406079156141,934.3779720907667,844.7076696875617,1099.5802742011338,8,45.80505051480844,31.812444351028525,71.58405079503427,full precision derived from retained author NPZ
g5,recovered29,6.0,DIFF,top7_D5000,939.4577557679286,1288.7975983956726,1051.9561164480278,1434.8668079330234,8,37.18526357177048,11.974818451324746,52.73351027477964,full precision derived from retained author NPZ
g5,recovered29,6.0,Min-Max,top7_D5000,462.1034699722252,1481.8180902600818,1312.9320425214114,1947.6626815499515,8,220.6680292509266,184.12079281731545,321.4776144544026,full precision derived from retained author NPZ
g5,recovered29,6.0,WCL,legacy_iso,611.0230442357513,746.1290068841604,540.7419106667172,934.9438231264523,8,22.11143489970914,-11.502206705958125,53.012858016811975,full precision derived from retained author NPZ
g5,recovered29,6.0,ABS,legacy_iso,640.8406079156141,644.6021211603008,533.5738174867431,752.0627440513344,8,0.5869654947306422,-16.738450888398738,17.355662977956303,full precision derived from retained author NPZ
g5,recovered29,6.0,DIFF,legacy_iso,939.4577557679286,1175.7744541707034,862.5935658000931,1323.5850296834637,8,25.154584860455547,-8.181761180416826,40.888190188130714,full precision derived from retained author NPZ
g5,recovered29,6.0,Min-Max,legacy_iso,462.1034699722252,492.200393838557,446.5446171617542,597.1377499876198,8,6.513027021446251,-3.3669629902164844,29.22165462715762,full precision derived from retained author NPZ
g5,recovered29,6.0,WCL,opcenter_exact_iso,611.0230442357513,646.362792748248,569.9917852250564,712.8568587958771,8,5.783701424338028,-6.715173739808041,16.666116854479093,full precision derived from retained author NPZ
g5,recovered29,6.0,ABS,opcenter_exact_iso,640.8406079156141,652.4645824906809,620.8005083738822,665.9971478295823,8,1.8138636084368445,-3.1271581878860606,3.925553344035409,full precision derived from retained author NPZ
g5,recovered29,6.0,DIFF,opcenter_exact_iso,939.4577557679286,969.3097324266093,889.5256384043464,1124.3482057372762,8,3.1775751996724177,-5.314993362609138,19.680549639852092,full precision derived from retained author NPZ
g5,recovered29,6.0,Min-Max,opcenter_exact_iso,462.1034699722252,475.2040931964349,453.7920884483581,494.8493221120334,8,2.834997803629805,-1.7985975141815467,7.086259737841055,full precision derived from retained author NPZ
g5,recovered29,6.0,WCL,legacy_rotation,611.0230442357513,903.8424105221263,903.8424105221263,903.8424105221263,1,47.92280242926426,47.92280242926426,47.92280242926426,full precision derived from retained author NPZ
g5,recovered29,6.0,ABS,legacy_rotation,640.8406079156141,801.6569447391124,801.6569447391124,801.6569447391124,1,25.09459213993421,25.09459213993421,25.09459213993421,full precision derived from retained author NPZ
g5,recovered29,6.0,DIFF,legacy_rotation,939.4577557679286,1079.0961033552596,1079.0961033552596,1079.0961033552596,1,14.863717578571514,14.863717578571514,14.863717578571514,full precision derived from retained author NPZ
g5,recovered29,6.0,Min-Max,legacy_rotation,462.1034699722252,621.4790227415092,621.4790227415092,621.4790227415092,1,34.48914867028878,34.48914867028878,34.48914867028878,full precision derived from retained author NPZ
g5,recovered29,6.0,WCL,opcenter_rotation,611.0230442357513,692.083060286274,692.083060286274,692.083060286274,1,13.266278058613983,13.266278058613983,13.266278058613983,full precision derived from retained author NPZ
g5,recovered29,6.0,ABS,opcenter_rotation,640.8406079156141,686.2539406094631,686.2539406094631,686.2539406094631,1,7.086525437512392,7.086525437512392,7.086525437512392,full precision derived from retained author NPZ
g5,recovered29,6.0,DIFF,opcenter_rotation,939.4577557679286,1085.3179510145264,1085.3179510145264,1085.3179510145264,1,15.525998306051482,15.525998306051482,15.525998306051482,full precision derived from retained author NPZ
g5,recovered29,6.0,Min-Max,opcenter_rotation,462.1034699722252,498.90032857584015,498.90032857584015,498.90032857584015,1,7.9629046295252115,7.9629046295252115,7.9629046295252115,full precision derived from retained author NPZ
g5,official32_minus71,3.5,WCL,reference,561.0381783582943,561.0381783582943,561.0381783582943,561.0381783582943,1,0.0,0.0,0.0,full precision derived from retained author NPZ
g5,official32_minus71,3.5,ABS,reference,545.5232282055754,545.5232282055754,545.5232282055754,545.5232282055754,1,0.0,0.0,0.0,full precision derived from retained author NPZ
g5,official32_minus71,3.5,DIFF,reference,982.866888309844,982.866888309844,982.866888309844,982.866888309844,1,0.0,0.0,0.0,full precision derived from retained author NPZ
g5,official32_minus71,3.5,Min-Max,reference,471.3808250223458,471.3808250223458,471.3808250223458,471.3808250223458,1,0.0,0.0,0.0,full precision derived from retained author NPZ
g5,official32_minus71,3.5,WCL,fraction_f1_D10000,561.0381783582943,571.0429899154333,561.0381783582943,595.5414523751542,8,1.7832675106736886,0.0,6.149897698196427,full precision derived from retained author NPZ
g5,official32_minus71,3.5,ABS,fraction_f1_D10000,545.5232282055754,548.1407059298841,543.92385574623,571.5252451090057,8,0.4798104991640007,-0.29318136729142596,4.766436250379372,full precision derived from retained author NPZ
g5,official32_minus71,3.5,DIFF,fraction_f1_D10000,982.866888309844,942.058876582268,829.4030005442922,981.817773446722,8,-4.151936769153975,-15.613903529647951,-0.1067402794417119,full precision derived from retained author NPZ
g5,official32_minus71,3.5,Min-Max,fraction_f1_D10000,471.3808250223458,503.8888237803147,471.1115814645169,552.3461683872004,8,6.8963345627026404,-0.057118054773676645,17.17620638493651,full precision derived from retained author NPZ
g5,official32_minus71,3.5,WCL,fraction_f32_D10000,561.0381783582943,5867.498240556805,5165.144197039481,5971.7080410047565,8,945.8286916812389,820.6404120578187,964.4031496179321,full precision derived from retained author NPZ
g5,official32_minus71,3.5,ABS,fraction_f32_D10000,545.5232282055754,3130.2275645605214,2781.2595744946975,3350.9256349249436,8,473.8028011853831,409.83339126424977,514.259019904131,full precision derived from retained author NPZ
g5,official32_minus71,3.5,DIFF,fraction_f32_D10000,982.866888309844,3528.3980627907486,3361.2199545563103,3698.3131928185308,8,258.9904294017115,241.9811975084771,276.2781345883183,full precision derived from retained author NPZ
g5,official32_minus71,3.5,Min-Max,fraction_f32_D10000,471.3808250223458,3497.449776997641,2928.042166360753,3869.516620793012,8,641.9584317694391,521.1627649940893,720.8896958440296,full precision derived from retained author NPZ
g5,official32_minus71,3.5,WCL,top6_D5000,561.0381783582943,693.8631496717296,673.7239312447501,710.4565023864918,8,23.674854303517584,20.085220085413084,26.632469908808037,full precision derived from retained author NPZ
g5,official32_minus71,3.5,ABS,top6_D5000,545.5232282055754,648.7934615671815,599.7280946481703,671.6435379666262,8,18.9304924194153,9.936307684073233,23.11914566422891,full precision derived from retained author NPZ
g5,official32_minus71,3.5,DIFF,top6_D5000,982.866888309844,898.3187377166311,856.8542193340106,930.3559001469293,8,-8.602197469344343,-12.820929311447967,-5.34263477460447,full precision derived from retained author NPZ
g5,official32_minus71,3.5,Min-Max,top6_D5000,471.3808250223458,816.2124099022915,772.5854794463323,900.4173229697743,8,73.1535027678733,63.89836803601588,91.01696020984521,full precision derived from retained author NPZ
g5,official32_minus71,3.5,WCL,top7_D5000,561.0381783582943,1307.2080195829294,1224.5146048116376,1399.2110541608267,8,132.99805075798434,118.25869469254357,149.3967626686632,full precision derived from retained author NPZ
g5,official32_minus71,3.5,ABS,top7_D5000,545.5232282055754,988.9003774156206,929.3861040703075,1047.5625610789095,8,81.27557659982219,70.36600020266725,92.0289562233169,full precision derived from retained author NPZ
g5,official32_minus71,3.5,DIFF,top7_D5000,982.866888309844,1369.1989265555126,1216.7375421664644,1508.7801352986794,8,39.306649032608306,23.794743381658606,53.50808469020719,full precision derived from retained author NPZ
g5,official32_minus71,3.5,Min-Max,top7_D5000,471.3808250223458,1273.236832187587,1191.5993402744864,1363.9094380950191,8,170.10789675783465,152.7890989664246,189.3434280086304,full precision derived from retained author NPZ
g5,official32_minus71,3.5,WCL,legacy_iso,561.0381783582943,620.7888254634837,571.1213153356309,700.8515996426612,8,10.650014457132182,1.797228311064642,24.920482540686958,full precision derived from retained author NPZ
g5,official32_minus71,3.5,ABS,legacy_iso,545.5232282055754,653.0948295360959,606.1050116939828,692.7234162446465,8,19.71897726231799,11.105261949648401,26.98330344672328,full precision derived from retained author NPZ
g5,official32_minus71,3.5,DIFF,legacy_iso,982.866888309844,1214.646773123538,1112.6907012519441,1334.1036788884126,8,23.58202189640013,13.208687207414995,35.735947029669695,full precision derived from retained author NPZ
g5,official32_minus71,3.5,Min-Max,legacy_iso,471.3808250223458,506.25608831898336,481.78863887006287,573.0162309163026,8,7.398532448786882,2.2079417098104694,21.561209217438737,full precision derived from retained author NPZ
g5,official32_minus71,3.5,WCL,opcenter_exact_iso,561.0381783582943,557.4517926127241,527.2511445113541,575.7146429274712,8,-0.6392409436492582,-6.022234341664152,2.615947565658201,full precision derived from retained author NPZ
g5,official32_minus71,3.5,ABS,opcenter_exact_iso,545.5232282055754,544.0512883204152,524.7463956797708,570.9235937983982,8,-0.2698216701059485,-3.8086063895294,4.6561473974946725,full precision derived from retained author NPZ
g5,official32_minus71,3.5,DIFF,opcenter_exact_iso,982.866888309844,1005.2351596768441,951.5130680335619,1063.969147312118,8,2.275818997775481,-3.1900372928625798,8.251601510529968,full precision derived from retained author NPZ
g5,official32_minus71,3.5,Min-Max,opcenter_exact_iso,471.3808250223458,467.4607962287669,449.3439424120475,474.59812815563055,8,-0.8316054844600512,-4.67496373219119,0.6825273669399349,full precision derived from retained author NPZ
g5,official32_minus71,3.5,WCL,legacy_rotation,561.0381783582943,611.7762019842171,611.7762019842171,611.7762019842171,1,9.043595531126241,9.043595531126241,9.043595531126241,full precision derived from retained author NPZ
g5,official32_minus71,3.5,ABS,legacy_rotation,545.5232282055754,605.2850869591828,605.2850869591828,605.2850869591828,1,10.954961340543813,10.954961340543813,10.954961340543813,full precision derived from retained author NPZ
g5,official32_minus71,3.5,DIFF,legacy_rotation,982.866888309844,1111.5532337807945,1111.5532337807945,1111.5532337807945,1,13.092957652916963,13.092957652916963,13.092957652916963,full precision derived from retained author NPZ
g5,official32_minus71,3.5,Min-Max,legacy_rotation,471.3808250223458,510.6417793161535,510.6417793161535,510.6417793161535,1,8.32892476946777,8.32892476946777,8.32892476946777,full precision derived from retained author NPZ
g5,official32_minus71,3.5,WCL,opcenter_rotation,561.0381783582943,602.5533015299243,602.5533015299243,602.5533015299243,1,7.399696629044249,7.399696629044249,7.399696629044249,full precision derived from retained author NPZ
g5,official32_minus71,3.5,ABS,opcenter_rotation,545.5232282055754,583.9735764576592,583.9735764576592,583.9735764576592,1,7.048342996972102,7.048342996972102,7.048342996972102,full precision derived from retained author NPZ
g5,official32_minus71,3.5,DIFF,opcenter_rotation,982.866888309844,1057.088080837645,1057.088080837645,1057.088080837645,1,7.551499944761925,7.551499944761925,7.551499944761925,full precision derived from retained author NPZ
g5,official32_minus71,3.5,Min-Max,opcenter_rotation,471.3808250223458,507.58898853462995,507.58898853462995,507.58898853462995,1,7.681297496682796,7.681297496682796,7.681297496682796,full precision derived from retained author NPZ
g5,official32_minus71,4.7,WCL,reference,593.7425223082155,593.7425223082155,593.7425223082155,593.7425223082155,1,0.0,0.0,0.0,full precision derived from retained author NPZ
g5,official32_minus71,4.7,ABS,reference,555.6165186830742,555.6165186830742,555.6165186830742,555.6165186830742,1,0.0,0.0,0.0,full precision derived from retained author NPZ
g5,official32_minus71,4.7,DIFF,reference,1082.7111969409727,1082.7111969409727,1082.7111969409727,1082.7111969409727,1,0.0,0.0,0.0,full precision derived from retained author NPZ
g5,official32_minus71,4.7,Min-Max,reference,478.88143519512585,478.88143519512585,478.88143519512585,478.88143519512585,1,0.0,0.0,0.0,full precision derived from retained author NPZ
g5,official32_minus71,4.7,WCL,fraction_f1_D10000,593.7425223082155,596.8410368906345,593.7425223082155,623.4608510429018,8,0.5218616598948254,0.0,5.005255244167836,full precision derived from retained author NPZ
g5,official32_minus71,4.7,ABS,fraction_f1_D10000,555.6165186830742,555.2392086908635,547.6864304866533,573.3661697158805,8,-0.06790834676856165,-1.427259257017206,3.1945866323190995,full precision derived from retained author NPZ
g5,official32_minus71,4.7,DIFF,fraction_f1_D10000,1082.7111969409727,1046.2104705710412,844.0628565605857,1082.2816169505356,8,-3.3712338500847188,-22.041735695968576,-0.039676322887471256,full precision derived from retained author NPZ
g5,official32_minus71,4.7,Min-Max,fraction_f1_D10000,478.88143519512585,508.05724377135795,478.88143519512585,547.6995932022244,8,6.092491049343786,0.0,14.370604694470517,full precision derived from retained author NPZ
g5,official32_minus71,4.7,WCL,fraction_f32_D10000,593.7425223082155,5909.808638173974,5262.762573965798,6064.077144747305,8,895.3487271215106,786.371175422377,921.3311186089187,full precision derived from retained author NPZ
g5,official32_minus71,4.7,ABS,fraction_f32_D10000,555.6165186830742,2774.7611134136478,2375.2449775822915,3075.844567918061,8,399.40219919854155,327.4971851470709,453.591274645406,full precision derived from retained author NPZ
g5,official32_minus71,4.7,DIFF,fraction_f32_D10000,1082.7111969409727,3121.631949286828,2760.9332838269092,3328.422807046719,8,188.31621563594237,155.00182242757666,207.4155708789791,full precision derived from retained author NPZ
g5,official32_minus71,4.7,Min-Max,fraction_f32_D10000,478.88143519512585,3263.6805823041686,2689.1339545393835,3714.2997502123912,8,581.5216340500532,461.5448327922055,675.619908652119,full precision derived from retained author NPZ
g5,official32_minus71,4.7,WCL,top6_D5000,593.7425223082155,751.0981406974544,737.9451316796869,762.901128840321,8,26.50233265717738,24.28706113398679,28.490229379982694,full precision derived from retained author NPZ
g5,official32_minus71,4.7,ABS,top6_D5000,555.6165186830742,605.7418224027116,543.3873150879504,628.1154358655081,8,9.02156470049607,-2.201015121744328,13.048373247482136,full precision derived from retained author NPZ
g5,official32_minus71,4.7,DIFF,top6_D5000,1082.7111969409727,867.7133882570208,770.715495383212,884.2043036947066,8,-19.857355247770027,-28.816151753048707,-18.334242206704392,full precision derived from retained author NPZ
g5,official32_minus71,4.7,Min-Max,top6_D5000,478.88143519512585,747.6212586150455,699.493126946793,845.8076415964538,8,56.11823797479609,46.068123660249306,76.62151410229957,full precision derived from retained author NPZ
g5,official32_minus71,4.7,WCL,top7_D5000,593.7425223082155,1411.813203593506,1322.403129092181,1447.3206314912227,8,137.7820604973657,122.72333198424909,143.76233419574916,full precision derived from retained author NPZ
g5,official32_minus71,4.7,ABS,top7_D5000,555.6165186830742,902.132647574052,862.3785663116141,977.7380974123794,8,62.36605954630229,55.21111005763998,75.97354731817917,full precision derived from retained author NPZ
g5,official32_minus71,4.7,DIFF,top7_D5000,1082.7111969409727,1267.2699150930437,1093.3097736745462,1418.7350075134207,8,17.04597852811646,0.9788923180547215,31.035405519203035,full precision derived from retained author NPZ
g5,official32_minus71,4.7,Min-Max,top7_D5000,478.88143519512585,1194.3563438705792,1134.3149045240034,1284.8680065511091,8,149.4054386100653,136.86758791595534,168.30607998565964,full precision derived from retained author NPZ
g5,official32_minus71,4.7,WCL,legacy_iso,593.7425223082155,682.441741851388,605.0273108422084,776.6598325046654,8,14.939004064985625,1.9006199000405968,30.807513917875724,full precision derived from retained author NPZ
g5,official32_minus71,4.7,ABS,legacy_iso,555.6165186830742,636.3143991675138,590.9326360255686,683.7836995969052,8,14.524024713251901,6.356203632354361,23.067561277266133,full precision derived from retained author NPZ
g5,official32_minus71,4.7,DIFF,legacy_iso,1082.7111969409727,1301.7677991048172,1228.2495460870045,1406.5484427343044,8,20.23222838950533,13.44202863674331,29.909845460939355,full precision derived from retained author NPZ
g5,official32_minus71,4.7,Min-Max,legacy_iso,478.88143519512585,516.0499525174146,487.64112818937576,576.0991575615203,8,7.761528134233053,1.8291987014866589,20.301000460955844,full precision derived from retained author NPZ
g5,official32_minus71,4.7,WCL,opcenter_exact_iso,593.7425223082155,577.8537983519379,548.690452131812,612.2037532550485,8,-2.676029315621361,-7.587812643308826,3.1092991074756884,full precision derived from retained author NPZ
g5,official32_minus71,4.7,ABS,opcenter_exact_iso,555.6165186830742,541.4801138366118,525.7451086745806,574.541544400575,8,-2.544273679977796,-5.376263844583856,3.4061308620479904,full precision derived from retained author NPZ
g5,official32_minus71,4.7,DIFF,opcenter_exact_iso,1082.7111969409727,1088.115721857088,1023.9145049257766,1143.2936369369065,8,0.4991658838834215,-5.43050558462098,5.595438577443345,full precision derived from retained author NPZ
g5,official32_minus71,4.7,Min-Max,opcenter_exact_iso,478.88143519512585,474.7673534545286,447.4608547961052,483.7849026560813,8,-0.8591023661046581,-6.56124420154604,1.0239418571232461,full precision derived from retained author NPZ
g5,official32_minus71,4.7,WCL,legacy_rotation,593.7425223082155,659.1088231627432,659.1088231627432,659.1088231627432,1,11.009199846494344,11.009199846494344,11.009199846494344,full precision derived from retained author NPZ
g5,official32_minus71,4.7,ABS,legacy_rotation,555.6165186830742,588.1894106415334,588.1894106415334,588.1894106415334,1,5.862477241616874,5.862477241616874,5.862477241616874,full precision derived from retained author NPZ
g5,official32_minus71,4.7,DIFF,legacy_rotation,1082.7111969409727,1155.0877612638792,1155.0877612638792,1155.0877612638792,1,6.684752547807288,6.684752547807288,6.684752547807288,full precision derived from retained author NPZ
g5,official32_minus71,4.7,Min-Max,legacy_rotation,478.88143519512585,515.0336723378,515.0336723378,515.0336723378,1,7.549308552323291,7.549308552323291,7.549308552323291,full precision derived from retained author NPZ
g5,official32_minus71,4.7,WCL,opcenter_rotation,593.7425223082155,627.0782278378335,627.0782278378335,627.0782278378335,1,5.614505324635193,5.614505324635193,5.614505324635193,full precision derived from retained author NPZ
g5,official32_minus71,4.7,ABS,opcenter_rotation,555.6165186830742,578.666923362213,578.666923362213,578.666923362213,1,4.148617599378248,4.148617599378248,4.148617599378248,full precision derived from retained author NPZ
g5,official32_minus71,4.7,DIFF,opcenter_rotation,1082.7111969409727,1106.3175574072834,1106.3175574072834,1106.3175574072834,1,2.1803007609976377,2.1803007609976377,2.1803007609976377,full precision derived from retained author NPZ
g5,official32_minus71,4.7,Min-Max,opcenter_rotation,478.88143519512585,514.1482872973793,514.1482872973793,514.1482872973793,1,7.364422487558647,7.364422487558647,7.364422487558647,full precision derived from retained author NPZ
g5,official32_minus71,6.0,WCL,reference,614.3080908923412,614.3080908923412,614.3080908923412,614.3080908923412,1,0.0,0.0,0.0,full precision derived from retained author NPZ
g5,official32_minus71,6.0,ABS,reference,572.844311267402,572.844311267402,572.844311267402,572.844311267402,1,0.0,0.0,0.0,full precision derived from retained author NPZ
g5,official32_minus71,6.0,DIFF,reference,1133.8410048162195,1133.8410048162195,1133.8410048162195,1133.8410048162195,1,0.0,0.0,0.0,full precision derived from retained author NPZ
g5,official32_minus71,6.0,Min-Max,reference,488.9340602284119,488.9340602284119,488.9340602284119,488.9340602284119,1,0.0,0.0,0.0,full precision derived from retained author NPZ
g5,official32_minus71,6.0,WCL,fraction_f1_D10000,614.3080908923412,617.7008748157974,612.8814467727171,648.5416189930555,8,0.5522935435422814,-0.23223593190050493,5.572696926551445,full precision derived from retained author NPZ
g5,official32_minus71,6.0,ABS,fraction_f1_D10000,572.844311267402,572.7749749095294,555.060237629863,590.0358487569899,8,-0.012103874736774314,-3.1045212962300752,3.001083741505991,full precision derived from retained author NPZ
g5,official32_minus71,6.0,DIFF,fraction_f1_D10000,1133.8410048162195,1093.7758417576922,847.9407375416195,1132.9266432307568,8,-3.5335785959709014,-25.215199138166703,-0.08064283983193593,full precision derived from retained author NPZ
g5,official32_minus71,6.0,Min-Max,fraction_f1_D10000,488.9340602284119,511.22201751602495,488.3211134457598,550.0145379427936,8,4.558479169399843,-0.12536389515710078,12.492579814514691,full precision derived from retained author NPZ
g5,official32_minus71,6.0,WCL,fraction_f32_D10000,614.3080908923412,6005.218459435602,5436.475304535024,6249.439178975233,8,877.5580931568799,784.9753706870481,917.3135063054966,full precision derived from retained author NPZ
g5,official32_minus71,6.0,ABS,fraction_f32_D10000,572.844311267402,2594.1133179620892,2168.646739120546,2918.2622513650394,8,352.8478797708031,278.57524225430046,409.43374909466513,full precision derived from retained author NPZ
g5,official32_minus71,6.0,DIFF,fraction_f32_D10000,1133.8410048162195,2868.6509336325826,2498.668787527049,3213.4226898607967,8,153.00292734584534,120.37206071340222,183.41034379698144,full precision derived from retained author NPZ
g5,official32_minus71,6.0,Min-Max,fraction_f32_D10000,488.9340602284119,3070.8522587831067,2563.1868517477596,3647.6071644364247,8,528.0708399305457,424.239782057796,646.0325350891687,full precision derived from retained author NPZ
g5,official32_minus71,6.0,WCL,top6_D5000,614.3080908923412,768.1935663552772,760.3335031015496,770.0850581528377,8,25.05021140766723,23.77071283516591,25.358117460933265,full precision derived from retained author NPZ
g5,official32_minus71,6.0,ABS,top6_D5000,572.844311267402,579.6986082014932,527.0912666722627,606.1593033943345,8,1.196537488331924,-7.986994667698095,5.815714928411191,full precision derived from retained author NPZ
g5,official32_minus71,6.0,DIFF,top6_D5000,1133.8410048162195,838.185500661179,748.2659272385287,886.7275804059726,8,-26.075569934336805,-34.006097498668915,-21.79436299803787,full precision derived from retained author NPZ
g5,official32_minus71,6.0,Min-Max,top6_D5000,488.9340602284119,703.305137767889,673.6697995588477,798.0007524152904,8,43.84457843647279,37.783364743322245,63.212346475206495,full precision derived from retained author NPZ
g5,official32_minus71,6.0,WCL,top7_D5000,614.3080908923412,1497.6207803377379,1464.553256468434,1522.0763708155462,8,143.7898511416805,138.40696194331912,147.77084876166694,full precision derived from retained author NPZ
g5,official32_minus71,6.0,ABS,top7_D5000,572.844311267402,851.3317907407747,786.8003583461082,943.1594319497714,8,48.6148634097853,37.349772507181655,64.64498527759795,full precision derived from retained author NPZ
g5,official32_minus71,6.0,DIFF,top7_D5000,1133.8410048162195,1190.0613893272412,1019.2386300814505,1340.8791195013594,8,4.958401069657398,-10.107446656803925,18.259889508820322,full precision derived from retained author NPZ
g5,official32_minus71,6.0,Min-Max,top7_D5000,488.9340602284119,1156.237349899929,1107.8107395327386,1235.2805134261198,8,136.4812443951599,126.57671650349137,152.6476704954943,full precision derived from retained author NPZ
g5,official32_minus71,6.0,WCL,legacy_iso,614.3080908923412,737.7522440332548,629.1355659822723,857.4519247090514,8,20.094827818660047,2.413687091178107,39.580112556147604,full precision derived from retained author NPZ
g5,official32_minus71,6.0,ABS,legacy_iso,572.844311267402,638.8806338399692,593.4443431017314,683.667846681243,8,11.5277958205544,3.596096082154061,19.346187652391457,full precision derived from retained author NPZ
g5,official32_minus71,6.0,DIFF,legacy_iso,1133.8410048162195,1377.7454951129153,1290.1358834910216,1449.4730106571465,8,21.511348527762003,13.78454986289152,27.837413226388534,full precision derived from retained author NPZ
g5,official32_minus71,6.0,Min-Max,legacy_iso,488.9340602284119,524.8736457790924,500.7321196194781,572.6044759801537,8,7.350599697204738,2.4130164680191406,17.112822066978527,full precision derived from retained author NPZ
g5,official32_minus71,6.0,WCL,opcenter_exact_iso,614.3080908923412,600.5844604197537,566.2364307962215,644.825217678085,8,-2.233998001337182,-7.825334031705653,4.967723401040473,full precision derived from retained author NPZ
g5,official32_minus71,6.0,ABS,opcenter_exact_iso,572.844311267402,550.6256195994986,526.9870776505161,577.2049262934297,8,-3.87866148460917,-8.005182684877857,0.7612216688300537,full precision derived from retained author NPZ
g5,official32_minus71,6.0,DIFF,opcenter_exact_iso,1133.8410048162195,1146.8784794248754,1089.458155135708,1229.0442844627519,8,1.149850336447224,-3.9143803665581305,8.396528194176883,full precision derived from retained author NPZ
g5,official32_minus71,6.0,Min-Max,opcenter_exact_iso,488.9340602284119,480.94330695034233,454.4587134467689,493.3714436315088,8,-1.6343212568043617,-7.051123982963549,0.9075627500820647,full precision derived from retained author NPZ
g5,official32_minus71,6.0,WCL,legacy_rotation,614.3080908923412,691.637288887169,691.637288887169,691.637288887169,1,12.588015548110361,12.588015548110361,12.588015548110361,full precision derived from retained author NPZ
g5,official32_minus71,6.0,ABS,legacy_rotation,572.844311267402,592.2270307588242,592.2270307588242,592.2270307588242,1,3.3835929082613214,3.3835929082613214,3.3835929082613214,full precision derived from retained author NPZ
g5,official32_minus71,6.0,DIFF,legacy_rotation,1133.8410048162195,1208.1313958427745,1208.1313958427745,1208.1313958427745,1,6.552099519332206,6.552099519332206,6.552099519332206,full precision derived from retained author NPZ
g5,official32_minus71,6.0,Min-Max,legacy_rotation,488.9340602284119,522.2524954753881,522.2524954753881,522.2524954753881,1,6.814504849879145,6.814504849879145,6.814504849879145,full precision derived from retained author NPZ
g5,official32_minus71,6.0,WCL,opcenter_rotation,614.3080908923412,651.4793370096061,651.4793370096061,651.4793370096061,1,6.050912672055176,6.050912672055176,6.050912672055176,full precision derived from retained author NPZ
g5,official32_minus71,6.0,ABS,opcenter_rotation,572.844311267402,575.5918334358958,575.5918334358958,575.5918334358958,1,0.479628079471536,0.479628079471536,0.479628079471536,full precision derived from retained author NPZ
g5,official32_minus71,6.0,DIFF,opcenter_rotation,1133.8410048162195,1177.8058945174882,1177.8058945174882,1177.8058945174882,1,3.8775180571631225,3.8775180571631225,3.8775180571631225,full precision derived from retained author NPZ
g5,official32_minus71,6.0,Min-Max,opcenter_rotation,488.9340602284119,520.6540675796928,520.6540675796928,520.6540675796928,1,6.487583895558931,6.487583895558931,6.487583895558931,full precision derived from retained author NPZ
